participant_id,group,trial,label,no,item,exp,condition,cb,left,right,target,r1,r2,r3,r4,r5,r6,r7,sentence_rt,question_rt,choice_rt,choice,chosen_type,mismatch
participant_001,b,34,experiment,2,1,1,unmodified,y,1b,1a,,477.0,444.0,428.0,380.0,409.0,412.0,469.0,3019.0,,1595.0,right,A,False
participant_001,b,26,experiment,4,2,1,exhaustive,y,2b,2a,2a,557.0,641.0,525.0,502.0,513.0,549.0,865.0,4152.0,,1288.0,right,A,False
participant_001,b,49,experiment,9,3,1,contrastive,n,3a,3b,3b,499.0,434.0,466.0,404.0,424.0,557.0,701.0,3485.0,,3059.0,left,A,True
participant_001,b,25,experiment,11,4,1,unmodified,n,4a,4b,,518.0,649.0,557.0,609.0,522.0,761.0,780.0,4396.0,,1406.0,left,A,False
participant_001,b,13,experiment,13,5,1,exhaustive,n,5a,5b,5a,633.0,666.0,558.0,476.0,450.0,584.0,731.0,4098.0,,2774.0,left,A,False
participant_001,b,15,experiment,18,6,1,contrastive,y,6b,6a,6b,569.0,464.0,484.0,500.0,468.0,548.0,886.0,3919.0,,2588.0,right,A,True
participant_001,b,37,experiment,20,7,1,unmodified,y,7b,7a,,501.0,454.0,418.0,400.0,367.0,411.0,483.0,3034.0,,1060.0,right,A,False
participant_001,b,17,experiment,22,8,1,exhaustive,y,8b,8a,8a,468.0,436.0,426.0,389.0,430.0,434.0,468.0,3051.0,,1222.0,right,A,False
participant_001,b,12,experiment,27,9,1,contrastive,n,9a,9b,9b,611.0,634.0,584.0,650.0,649.0,733.0,947.0,4808.0,,4462.0,left,A,True
participant_001,b,21,experiment,29,10,1,unmodified,n,10a,10b,,570.0,629.0,505.0,531.0,481.0,500.0,587.0,3803.0,,2117.0,left,A,False
participant_001,b,39,experiment,31,11,1,exhaustive,n,11a,11b,11a,433.0,436.0,413.0,438.0,386.0,477.0,770.0,3353.0,,1753.0,left,A,False
participant_001,b,41,experiment,36,12,1,contrastive,y,12b,12a,12b,632.0,452.0,399.0,397.0,385.0,489.0,685.0,3439.0,,2724.0,right,A,True
participant_001,b,14,experiment,38,13,1,unmodified,y,13b,13a,,500.0,467.0,433.0,535.0,516.0,620.0,945.0,4016.0,,1436.0,right,A,False
participant_001,b,29,experiment,40,14,1,exhaustive,y,14b,14a,14a,508.0,485.0,466.0,466.0,433.0,536.0,1042.0,3936.0,,3493.0,right,A,False
participant_001,b,46,experiment,45,15,1,contrastive,n,15a,15b,15b,379.0,382.0,369.0,369.0,348.0,448.0,1308.0,3603.0,,4214.0,left,A,True
participant_001,b,18,experiment,47,16,1,unmodified,n,16a,16b,,544.0,431.0,368.0,404.0,381.0,397.0,856.0,3381.0,,1814.0,left,A,False
participant_001,b,23,experiment,49,17,1,exhaustive,n,17a,17b,17a,492.0,469.0,461.0,469.0,436.0,497.0,690.0,3514.0,,2108.0,left,A,False
participant_001,b,43,experiment,54,18,1,contrastive,y,18b,18a,18b,500.0,489.0,443.0,451.0,422.0,460.0,685.0,3450.0,,8221.0,left,B,False
participant_002,a,36,experiment,1,1,1,exhaustive,n,1a,1b,1a,559.0,532.0,556.0,696.0,584.0,756.0,906.0,4589.0,,745.0,left,A,False
participant_002,a,50,experiment,6,2,1,contrastive,y,2b,2a,2b,467.0,544.0,588.0,586.0,466.0,589.0,819.0,4059.0,,1456.0,left,B,False
participant_002,a,18,experiment,8,3,1,unmodified,y,3b,3a,,741.0,1083.0,963.0,1085.0,1014.0,1345.0,1202.0,7433.0,,2035.0,right,A,False
participant_002,a,43,experiment,10,4,1,exhaustive,y,4b,4a,4a,548.0,697.0,574.0,559.0,585.0,620.0,641.0,4224.0,,1028.0,right,A,False
participant_002,a,10,experiment,15,5,1,contrastive,n,5a,5b,5b,1239.0,947.0,1051.0,762.0,845.0,943.0,1159.0,6946.0,,2306.0,left,A,True
participant_002,a,13,experiment,17,6,1,unmodified,n,6a,6b,,636.0,745.0,770.0,780.0,787.0,949.0,1263.0,5930.0,,1010.0,left,A,False
participant_002,a,49,experiment,19,7,1,exhaustive,n,7a,7b,7a,548.0,604.0,524.0,521.0,575.0,678.0,510.0,3960.0,,831.0,left,A,False
participant_002,a,47,experiment,24,8,1,contrastive,y,8b,8a,8b,540.0,578.0,557.0,596.0,520.0,700.0,652.0,4143.0,,564.0,right,A,True
participant_002,a,35,experiment,26,9,1,unmodified,y,9b,9a,,634.0,553.0,536.0,623.0,551.0,706.0,820.0,4423.0,,989.0,right,A,False
participant_002,a,45,experiment,28,10,1,exhaustive,y,10b,10a,10a,653.0,578.0,593.0,603.0,508.0,715.0,677.0,4327.0,,807.0,right,A,False
participant_002,a,42,experiment,33,11,1,contrastive,n,11a,11b,11b,625.0,566.0,725.0,602.0,681.0,816.0,744.0,4759.0,,995.0,left,A,True
participant_002,a,27,experiment,35,12,1,unmodified,n,12a,12b,,533.0,667.0,551.0,765.0,786.0,894.0,866.0,5062.0,,1193.0,left,A,False
participant_002,a,38,experiment,37,13,1,exhaustive,n,13a,13b,13a,621.0,587.0,542.0,606.0,658.0,648.0,864.0,4526.0,,902.0,left,A,False
participant_002,a,31,experiment,42,14,1,contrastive,y,14b,14a,14b,1126.0,595.0,682.0,695.0,629.0,841.0,871.0,5439.0,,6493.0,right,A,True
participant_002,a,29,experiment,44,15,1,unmodified,y,15b,15a,,541.0,689.0,642.0,728.0,710.0,831.0,834.0,4975.0,,649.0,right,A,False
participant_002,a,40,experiment,46,16,1,exhaustive,y,16b,16a,16a,645.0,570.0,532.0,625.0,652.0,628.0,744.0,4396.0,,656.0,right,A,False
participant_002,a,34,experiment,51,17,1,contrastive,n,17a,17b,17b,637.0,572.0,673.0,646.0,693.0,705.0,984.0,4910.0,,823.0,left,A,True
participant_002,a,21,experiment,53,18,1,unmodified,n,18a,18b,,650.0,681.0,1042.0,832.0,961.0,1063.0,1575.0,6804.0,,5059.0,left,A,False
participant_003,c,33,experiment,3,1,1,contrastive,n,1a,1b,1b,483.0,396.0,428.0,405.0,402.0,612.0,481.0,3207.0,,1130.0,right,B,False
participant_003,c,36,experiment,5,2,1,unmodified,n,2a,2b,,440.0,342.0,384.0,444.0,431.0,484.0,476.0,3001.0,,1052.0,left,A,False
participant_003,c,34,experiment,7,3,1,exhaustive,n,3a,3b,3a,473.0,393.0,366.0,443.0,408.0,888.0,383.0,3354.0,,1006.0,left,A,False
participant_003,c,47,experiment,12,4,1,contrastive,y,4b,4a,4b,449.0,346.0,370.0,468.0,373.0,349.0,434.0,2789.0,,1091.0,left,B,False
participant_003,c,27,experiment,14,5,1,unmodified,y,5b,5a,,512.0,539.0,449.0,383.0,434.0,397.0,576.0,3290.0,,1985.0,right,A,False
participant_003,c,17,experiment,16,6,1,exhaustive,y,6b,6a,6a,502.0,501.0,492.0,481.0,445.0,541.0,456.0,3418.0,,1475.0,right,A,False
participant_003,c,49,experiment,21,7,1,contrastive,n,7a,7b,7b,458.0,311.0,329.0,326.0,301.0,353.0,380.0,2458.0,,1072.0,right,B,False
participant_003,c,12,experiment,23,8,1,unmodified,n,8a,8b,,748.0,669.0,468.0,504.0,546.0,604.0,505.0,4044.0,,1880.0,left,A,False
participant_003,c,40,experiment,25,9,1,exhaustive,n,9a,9b,9a,481.0,397.0,325.0,494.0,417.0,404.0,475.0,2993.0,,1227.0,left,A,False
participant_003,c,43,experiment,30,10,1,contrastive,y,10b,10a,10b,455.0,392.0,351.0,489.0,439.0,413.0,800.0,3339.0,,1240.0,left,B,False
participant_003,c,22,experiment,32,11,1,unmodified,y,11b,11a,,434.0,549.0,479.0,435.0,492.0,728.0,582.0,3699.0,,1453.0,right,A,False
participant_003,c,10,experiment,34,12,1,exhaustive,y,12b,12a,12a,848.0,913.0,1243.0,988.0,1078.0,1042.0,2302.0,8414.0,,1895.0,right,A,False
participant_003,c,20,experiment,39,13,1,contrastive,n,13a,13b,13b,556.0,465.0,464.0,481.0,414.0,397.0,865.0,3642.0,,5265.0,right,B,False
participant_003,c,29,experiment,41,14,1,unmodified,n,14a,14b,,462.0,381.0,332.0,435.0,435.0,684.0,1017.0,3746.0,,4251.0,left,A,False
participant_003,c,15,experiment,43,15,1,exhaustive,n,15a,15b,15a,701.0,553.0,593.0,669.0,523.0,935.0,636.0,4610.0,,2900.0,left,A,False
participant_003,c,25,experiment,48,16,1,contrastive,y,16b,16a,16b,451.0,398.0,458.0,467.0,448.0,445.0,918.0,3585.0,,1263.0,left,B,False
participant_003,c,24,experiment,50,17,1,unmodified,y,17b,17a,,423.0,393.0,350.0,405.0,1088.0,780.0,1119.0,4558.0,,1520.0,right,A,False
participant_003,c,38,experiment,52,18,1,exhaustive,y,18b,18a,18a,448.0,348.0,1172.0,443.0,536.0,494.0,446.0,3887.0,,6264.0,right,A,False
participant_004,a,36,experiment,1,1,1,exhaustive,n,1a,1b,1a,520.0,562.0,546.0,589.0,532.0,649.0,561.0,3959.0,,1476.0,left,A,False
participant_004,a,50,experiment,6,2,1,contrastive,y,2b,2a,2b,532.0,504.0,508.0,518.0,520.0,525.0,453.0,3560.0,,1140.0,left,B,False
participant_004,a,18,experiment,8,3,1,unmodified,y,3b,3a,,538.0,610.0,602.0,670.0,678.0,762.0,606.0,4466.0,,4601.0,right,A,False
participant_004,a,43,experiment,10,4,1,exhaustive,y,4b,4a,4a,474.0,776.0,513.0,684.0,627.0,593.0,548.0,4215.0,,1136.0,right,A,False
participant_004,a,10,experiment,15,5,1,contrastive,n,5a,5b,5b,841.0,871.0,776.0,762.0,812.0,1133.0,1083.0,6278.0,,3480.0,left,A,True
participant_004,a,13,experiment,17,6,1,unmodified,n,6a,6b,,516.0,783.0,675.0,648.0,754.0,739.0,552.0,4667.0,,3011.0,left,A,False
participant_004,a,49,experiment,19,7,1,exhaustive,n,7a,7b,7a,544.0,597.0,536.0,604.0,548.0,663.0,922.0,4414.0,,1384.0,left,A,False
participant_004,a,47,experiment,24,8,1,contrastive,y,8b,8a,8b,495.0,502.0,500.0,464.0,524.0,463.0,585.0,3533.0,,1182.0,left,B,False
participant_004,a,35,experiment,26,9,1,unmodified,y,9b,9a,,586.0,660.0,552.0,620.0,681.0,668.0,800.0,4567.0,,1120.0,right,A,False
participant_004,a,45,experiment,28,10,1,exhaustive,y,10b,10a,10a,1024.0,532.0,606.0,533.0,561.0,588.0,543.0,4387.0,,1377.0,right,A,False
participant_004,a,42,experiment,33,11,1,contrastive,n,11a,11b,11b,498.0,614.0,742.0,581.0,548.0,650.0,553.0,4186.0,,1027.0,right,B,False
participant_004,a,27,experiment,35,12,1,unmodified,n,12a,12b,,589.0,600.0,491.0,613.0,607.0,745.0,626.0,4271.0,,1088.0,left,A,False
participant_004,a,38,experiment,37,13,1,exhaustive,n,13a,13b,13a,583.0,606.0,502.0,515.0,571.0,662.0,579.0,4018.0,,1452.0,left,A,False
participant_004,a,31,experiment,42,14,1,contrastive,y,14b,14a,14b,566.0,622.0,911.0,604.0,566.0,673.0,988.0,4930.0,,3852.0,left,B,False
participant_004,a,29,experiment,44,15,1,unmodified,y,15b,15a,,600.0,859.0,668.0,641.0,657.0,743.0,667.0,4835.0,,1619.0,right,A,False
participant_004,a,40,experiment,46,16,1,exhaustive,y,16b,16a,16a,491.0,651.0,616.0,597.0,535.0,633.0,801.0,4324.0,,1138.0,right,A,False
participant_004,a,34,experiment,51,17,1,contrastive,n,17a,17b,17b,715.0,745.0,859.0,861.0,781.0,718.0,2420.0,7099.0,,1178.0,left,A,True
participant_004,a,21,experiment,53,18,1,unmodified,n,18a,18b,,494.0,599.0,599.0,520.0,537.0,586.0,621.0,3956.0,,1185.0,left,A,False
participant_005,a,36,experiment,1,1,1,exhaustive,n,1a,1b,1a,483.0,411.0,433.0,511.0,520.0,726.0,651.0,3735.0,,2434.0,left,A,False
participant_005,a,50,experiment,6,2,1,contrastive,y,2b,2a,2b,409.0,368.0,328.0,372.0,338.0,320.0,341.0,2476.0,,1971.0,left,B,False
participant_005,a,18,experiment,8,3,1,unmodified,y,3b,3a,,426.0,524.0,259.0,334.0,338.0,404.0,463.0,2748.0,,2060.0,right,A,False
participant_005,a,43,experiment,10,4,1,exhaustive,y,4b,4a,4a,476.0,364.0,425.0,523.0,443.0,493.0,792.0,3516.0,,1837.0,right,A,False
participant_005,a,10,experiment,15,5,1,contrastive,n,5a,5b,5b,495.0,451.0,453.0,440.0,462.0,491.0,708.0,3500.0,,1497.0,right,B,False
participant_005,a,13,experiment,17,6,1,unmodified,n,6a,6b,,454.0,368.0,369.0,459.0,464.0,393.0,618.0,3125.0,,1444.0,left,A,False
participant_005,a,49,experiment,19,7,1,exhaustive,n,7a,7b,7a,422.0,338.0,334.0,351.0,431.0,452.0,454.0,2782.0,,1754.0,left,A,False
participant_005,a,47,experiment,24,8,1,contrastive,y,8b,8a,8b,409.0,365.0,395.0,390.0,402.0,395.0,403.0,2759.0,,1985.0,left,B,False
participant_005,a,35,experiment,26,9,1,unmodified,y,9b,9a,,411.0,289.0,576.0,21.0,1232.0,474.0,951.0,3954.0,,1939.0,right,A,False
participant_005,a,45,experiment,28,10,1,exhaustive,y,10b,10a,10a,550.0,414.0,464.0,414.0,416.0,410.0,443.0,3111.0,,2207.0,right,A,False
participant_005,a,42,experiment,33,11,1,contrastive,n,11a,11b,11b,484.0,471.0,443.0,463.0,441.0,435.0,623.0,3360.0,,1488.0,right,B,False
participant_005,a,27,experiment,35,12,1,unmodified,n,12a,12b,,545.0,316.0,313.0,322.0,309.0,335.0,554.0,2694.0,,1671.0,left,A,False
participant_005,a,38,experiment,37,13,1,exhaustive,n,13a,13b,13a,475.0,353.0,325.0,591.0,490.0,493.0,630.0,3357.0,,2297.0,left,A,False
participant_005,a,31,experiment,42,14,1,contrastive,y,14b,14a,14b,436.0,362.0,1127.0,464.0,408.0,861.0,895.0,4553.0,,3260.0,left,B,False
participant_005,a,29,experiment,44,15,1,unmodified,y,15b,15a,,438.0,348.0,384.0,401.0,384.0,453.0,430.0,2838.0,,1879.0,right,A,False
participant_005,a,40,experiment,46,16,1,exhaustive,y,16b,16a,16a,429.0,358.0,373.0,414.0,432.0,475.0,762.0,3243.0,,1904.0,right,A,False
participant_005,a,34,experiment,51,17,1,contrastive,n,17a,17b,17b,436.0,355.0,475.0,471.0,452.0,484.0,587.0,3260.0,,5226.0,right,B,False
participant_005,a,21,experiment,53,18,1,unmodified,n,18a,18b,,490.0,376.0,324.0,379.0,315.0,377.0,545.0,2806.0,,1921.0,left,A,False
participant_006,a,36,experiment,1,1,1,exhaustive,n,1a,1b,1a,596.0,693.0,604.0,748.0,588.0,627.0,660.0,4516.0,,1135.0,left,A,False
participant_006,a,50,experiment,6,2,1,contrastive,y,2b,2a,2b,667.0,618.0,629.0,675.0,555.0,579.0,496.0,4219.0,,881.0,left,B,False
participant_006,a,18,experiment,8,3,1,unmodified,y,3b,3a,,681.0,970.0,868.0,759.0,749.0,1080.0,1282.0,6389.0,,1757.0,right,A,False
participant_006,a,43,experiment,10,4,1,exhaustive,y,4b,4a,4a,762.0,1001.0,586.0,650.0,603.0,782.0,684.0,5068.0,,1335.0,right,A,False
participant_006,a,10,experiment,15,5,1,contrastive,n,5a,5b,5b,907.0,957.0,824.0,770.0,993.0,1297.0,1467.0,7215.0,,4409.0,right,B,False
participant_006,a,13,experiment,17,6,1,unmodified,n,6a,6b,,839.0,1156.0,1357.0,1274.0,918.0,940.0,884.0,7368.0,,1976.0,left,A,False
participant_006,a,49,experiment,19,7,1,exhaustive,n,7a,7b,7a,452.0,650.0,661.0,1003.0,623.0,621.0,536.0,4546.0,,842.0,left,A,False
participant_006,a,47,experiment,24,8,1,contrastive,y,8b,8a,8b,515.0,552.0,732.0,625.0,516.0,532.0,489.0,3961.0,,1037.0,left,B,False
participant_006,a,35,experiment,26,9,1,unmodified,y,9b,9a,,532.0,748.0,652.0,880.0,632.0,622.0,839.0,4905.0,,1114.0,right,A,False
participant_006,a,45,experiment,28,10,1,exhaustive,y,10b,10a,10a,582.0,923.0,643.0,821.0,789.0,850.0,655.0,5263.0,,1194.0,right,A,False
participant_006,a,42,experiment,33,11,1,contrastive,n,11a,11b,11b,518.0,675.0,946.0,718.0,594.0,866.0,751.0,5068.0,,3635.0,right,B,False
participant_006,a,27,experiment,35,12,1,unmodified,n,12a,12b,,654.0,669.0,1015.0,958.0,891.0,1415.0,898.0,6500.0,,1325.0,left,A,False
participant_006,a,38,experiment,37,13,1,exhaustive,n,13a,13b,13a,561.0,672.0,565.0,755.0,835.0,693.0,726.0,4807.0,,1263.0,left,A,False
participant_006,a,31,experiment,42,14,1,contrastive,y,14b,14a,14b,563.0,970.0,1067.0,718.0,735.0,1099.0,1128.0,6280.0,,2738.0,left,B,False
participant_006,a,29,experiment,44,15,1,unmodified,y,15b,15a,,731.0,891.0,838.0,793.0,676.0,940.0,1200.0,6069.0,,1481.0,right,A,False
participant_006,a,40,experiment,46,16,1,exhaustive,y,16b,16a,16a,511.0,565.0,521.0,643.0,518.0,629.0,592.0,3979.0,,901.0,right,A,False
participant_006,a,34,experiment,51,17,1,contrastive,n,17a,17b,17b,1297.0,731.0,1394.0,872.0,1451.0,952.0,1124.0,7821.0,,2421.0,right,B,False
participant_006,a,21,experiment,53,18,1,unmodified,n,18a,18b,,633.0,714.0,713.0,976.0,727.0,897.0,918.0,5578.0,,2690.0,left,A,False
participant_007,b,34,experiment,2,1,1,unmodified,y,1b,1a,,470.0,439.0,422.0,415.0,377.0,598.0,464.0,3185.0,,731.0,right,A,False
participant_007,b,26,experiment,4,2,1,exhaustive,y,2b,2a,2a,475.0,442.0,399.0,469.0,476.0,517.0,486.0,3264.0,,1677.0,right,A,False
participant_007,b,49,experiment,9,3,1,contrastive,n,3a,3b,3b,532.0,393.0,387.0,392.0,369.0,437.0,401.0,2911.0,,812.0,right,B,False
participant_007,b,25,experiment,11,4,1,unmodified,n,4a,4b,,514.0,464.0,429.0,582.0,527.0,630.0,512.0,3658.0,,936.0,left,A,False
participant_007,b,13,experiment,13,5,1,exhaustive,n,5a,5b,5a,611.0,813.0,529.0,514.0,449.0,550.0,698.0,4164.0,,1595.0,left,A,False
participant_007,b,15,experiment,18,6,1,contrastive,y,6b,6a,6b,611.0,567.0,858.0,502.0,492.0,501.0,463.0,3994.0,,826.0,left,B,False
participant_007,b,37,experiment,20,7,1,unmodified,y,7b,7a,,400.0,408.0,347.0,403.0,379.0,337.0,328.0,2602.0,,672.0,right,A,False
participant_007,b,17,experiment,22,8,1,exhaustive,y,8b,8a,8a,528.0,656.0,488.0,619.0,514.0,559.0,503.0,3867.0,,898.0,right,A,False
participant_007,b,12,experiment,27,9,1,contrastive,n,9a,9b,9b,560.0,721.0,676.0,722.0,660.0,582.0,565.0,4486.0,,1558.0,right,B,False
participant_007,b,21,experiment,29,10,1,unmodified,n,10a,10b,,447.0,806.0,520.0,370.0,529.0,582.0,693.0,3947.0,,810.0,left,A,False
participant_007,b,39,experiment,31,11,1,exhaustive,n,11a,11b,11a,484.0,445.0,401.0,403.0,413.0,483.0,444.0,3073.0,,1103.0,left,A,False
participant_007,b,41,experiment,36,12,1,contrastive,y,12b,12a,12b,1023.0,489.0,685.0,1315.0,470.0,493.0,489.0,4964.0,,675.0,left,B,False
participant_007,b,14,experiment,38,13,1,unmodified,y,13b,13a,,537.0,526.0,568.0,663.0,522.0,757.0,707.0,4280.0,,1131.0,right,A,False
participant_007,b,29,experiment,40,14,1,exhaustive,y,14b,14a,14a,435.0,373.0,435.0,428.0,400.0,390.0,470.0,2931.0,,1302.0,right,A,False
participant_007,b,46,experiment,45,15,1,contrastive,n,15a,15b,15b,560.0,431.0,365.0,422.0,390.0,387.0,296.0,2851.0,,1187.0,right,B,False
participant_007,b,18,experiment,47,16,1,unmodified,n,16a,16b,,564.0,494.0,498.0,776.0,502.0,651.0,858.0,4343.0,,1047.0,left,A,False
participant_007,b,23,experiment,49,17,1,exhaustive,n,17a,17b,17a,516.0,825.0,596.0,649.0,629.0,517.0,598.0,4330.0,,885.0,left,A,False
participant_007,b,43,experiment,54,18,1,contrastive,y,18b,18a,18b,391.0,329.0,380.0,346.0,544.0,432.0,440.0,2862.0,,719.0,left,B,False
participant_008,c,33,experiment,3,1,1,contrastive,n,1a,1b,1b,489.0,481.0,380.0,370.0,349.0,453.0,440.0,2962.0,,1577.0,right,B,False
participant_008,c,36,experiment,5,2,1,unmodified,n,2a,2b,,803.0,865.0,564.0,435.0,405.0,521.0,424.0,4017.0,,1029.0,left,A,False
participant_008,c,34,experiment,7,3,1,exhaustive,n,3a,3b,3a,362.0,408.0,413.0,408.0,418.0,378.0,423.0,2810.0,,1642.0,left,A,False
participant_008,c,47,experiment,12,4,1,contrastive,y,4b,4a,4b,332.0,340.0,300.0,335.0,348.0,347.0,333.0,2335.0,,833.0,left,B,False
participant_008,c,27,experiment,14,5,1,unmodified,y,5b,5a,,501.0,437.0,380.0,379.0,469.0,803.0,562.0,3531.0,,847.0,right,A,False
participant_008,c,17,experiment,16,6,1,exhaustive,y,6b,6a,6a,720.0,419.0,386.0,560.0,510.0,621.0,473.0,3689.0,,1467.0,right,A,False
participant_008,c,49,experiment,21,7,1,contrastive,n,7a,7b,7b,316.0,330.0,357.0,329.0,359.0,314.0,326.0,2331.0,,538.0,right,B,False
participant_008,c,12,experiment,23,8,1,unmodified,n,8a,8b,,431.0,498.0,398.0,443.0,434.0,464.0,535.0,3203.0,,1426.0,left,A,False
participant_008,c,40,experiment,25,9,1,exhaustive,n,9a,9b,9a,468.0,396.0,344.0,355.0,430.0,400.0,353.0,2746.0,,1588.0,left,A,False
participant_008,c,43,experiment,30,10,1,contrastive,y,10b,10a,10b,671.0,660.0,647.0,756.0,355.0,522.0,391.0,4002.0,,783.0,left,B,False
participant_008,c,22,experiment,32,11,1,unmodified,y,11b,11a,,439.0,357.0,421.0,492.0,476.0,476.0,464.0,3125.0,,969.0,right,A,False
participant_008,c,10,experiment,34,12,1,exhaustive,y,12b,12a,12a,632.0,1035.0,483.0,485.0,457.0,657.0,469.0,4218.0,,921.0,right,A,False
participant_008,c,20,experiment,39,13,1,contrastive,n,13a,13b,13b,508.0,495.0,412.0,410.0,431.0,419.0,403.0,3078.0,,1494.0,right,B,False
participant_008,c,29,experiment,41,14,1,unmodified,n,14a,14b,,433.0,375.0,371.0,454.0,645.0,808.0,595.0,3681.0,,1145.0,left,A,False
participant_008,c,15,experiment,43,15,1,exhaustive,n,15a,15b,15a,497.0,501.0,538.0,1264.0,591.0,801.0,1258.0,5450.0,,1440.0,left,A,False
participant_008,c,25,experiment,48,16,1,contrastive,y,16b,16a,16b,408.0,361.0,357.0,373.0,456.0,398.0,384.0,2737.0,,875.0,left,B,False
participant_008,c,24,experiment,50,17,1,unmodified,y,17b,17a,,439.0,465.0,488.0,816.0,474.0,701.0,2427.0,5810.0,,4834.0,right,A,False
participant_008,c,38,experiment,52,18,1,exhaustive,y,18b,18a,18a,457.0,402.0,375.0,402.0,386.0,620.0,765.0,3407.0,,1357.0,right,A,False
participant_009,c,33,experiment,3,1,1,contrastive,n,1a,1b,1b,582.0,526.0,550.0,442.0,597.0,894.0,481.0,4072.0,,1990.0,right,B,False
participant_009,c,36,experiment,5,2,1,unmodified,n,2a,2b,,483.0,463.0,373.0,441.0,383.0,467.0,491.0,3101.0,,970.0,left,A,False
participant_009,c,34,experiment,7,3,1,exhaustive,n,3a,3b,3a,509.0,436.0,345.0,548.0,473.0,828.0,505.0,3644.0,,1390.0,left,A,False
participant_009,c,47,experiment,12,4,1,contrastive,y,4b,4a,4b,1571.0,476.0,399.0,1215.0,477.0,1061.0,1021.0,6220.0,,1305.0,left,B,False
participant_009,c,27,experiment,14,5,1,unmodified,y,5b,5a,,586.0,471.0,494.0,477.0,423.0,401.0,979.0,3831.0,,2037.0,right,A,False
participant_009,c,17,experiment,16,6,1,exhaustive,y,6b,6a,6a,735.0,479.0,371.0,398.0,405.0,1049.0,446.0,3883.0,,1171.0,right,A,False
participant_009,c,49,experiment,21,7,1,contrastive,n,7a,7b,7b,469.0,472.0,457.0,418.0,801.0,528.0,535.0,3680.0,,1120.0,right,B,False
participant_009,c,12,experiment,23,8,1,unmodified,n,8a,8b,,670.0,467.0,923.0,722.0,662.0,741.0,751.0,4936.0,,1561.0,left,A,False
participant_009,c,40,experiment,25,9,1,exhaustive,n,9a,9b,9a,490.0,326.0,373.0,370.0,365.0,647.0,448.0,3019.0,,1002.0,left,A,False
participant_009,c,43,experiment,30,10,1,contrastive,y,10b,10a,10b,537.0,447.0,405.0,468.0,424.0,1791.0,922.0,4994.0,,1521.0,left,B,False
participant_009,c,22,experiment,32,11,1,unmodified,y,11b,11a,,447.0,409.0,418.0,382.0,354.0,387.0,589.0,2986.0,,1018.0,right,A,False
participant_009,c,10,experiment,34,12,1,exhaustive,y,12b,12a,12a,805.0,535.0,520.0,1465.0,585.0,1077.0,1433.0,6420.0,,1531.0,right,A,False
participant_009,c,20,experiment,39,13,1,contrastive,n,13a,13b,13b,561.0,483.0,444.0,432.0,464.0,484.0,1006.0,3874.0,,5758.0,right,B,False
participant_009,c,29,experiment,41,14,1,unmodified,n,14a,14b,,522.0,475.0,397.0,464.0,428.0,472.0,1544.0,4302.0,,8841.0,right,B,False
participant_009,c,15,experiment,43,15,1,exhaustive,n,15a,15b,15a,578.0,388.0,1105.0,451.0,427.0,604.0,610.0,4163.0,,2161.0,left,A,False
participant_009,c,25,experiment,48,16,1,contrastive,y,16b,16a,16b,457.0,391.0,412.0,378.0,377.0,707.0,617.0,3339.0,,1372.0,left,B,False
participant_009,c,24,experiment,50,17,1,unmodified,y,17b,17a,,413.0,378.0,387.0,397.0,456.0,398.0,961.0,3390.0,,1549.0,right,A,False
participant_009,c,38,experiment,52,18,1,exhaustive,y,18b,18a,18a,528.0,398.0,301.0,381.0,404.0,430.0,432.0,2874.0,,1599.0,right,A,False
participant_010,c,33,experiment,3,1,1,contrastive,n,1a,1b,1b,291.0,278.0,253.0,314.0,286.0,304.0,325.0,2051.0,,2573.0,left,A,True
participant_010,c,36,experiment,5,2,1,unmodified,n,2a,2b,,270.0,240.0,246.0,246.0,459.0,324.0,302.0,2087.0,,558.0,left,A,False
participant_010,c,34,experiment,7,3,1,exhaustive,n,3a,3b,3a,326.0,342.0,373.0,636.0,538.0,532.0,370.0,3117.0,,698.0,left,A,False
participant_010,c,47,experiment,12,4,1,contrastive,y,4b,4a,4b,300.0,252.0,248.0,193.0,284.0,324.0,282.0,1883.0,,429.0,right,A,True
participant_010,c,27,experiment,14,5,1,unmodified,y,5b,5a,,281.0,211.0,281.0,218.0,232.0,234.0,263.0,1720.0,,602.0,right,A,False
participant_010,c,17,experiment,16,6,1,exhaustive,y,6b,6a,6a,276.0,293.0,246.0,242.0,312.0,310.0,319.0,1998.0,,790.0,right,A,False
participant_010,c,49,experiment,21,7,1,contrastive,n,7a,7b,7b,313.0,326.0,245.0,300.0,449.0,370.0,337.0,2340.0,,383.0,left,A,True
participant_010,c,12,experiment,23,8,1,unmodified,n,8a,8b,,360.0,361.0,324.0,305.0,318.0,303.0,288.0,2259.0,,783.0,left,A,False
participant_010,c,40,experiment,25,9,1,exhaustive,n,9a,9b,9a,276.0,267.0,208.0,225.0,219.0,422.0,266.0,1883.0,,647.0,left,A,False
participant_010,c,43,experiment,30,10,1,contrastive,y,10b,10a,10b,215.0,157.0,146.0,167.0,282.0,206.0,327.0,1500.0,,617.0,right,A,True
participant_010,c,22,experiment,32,11,1,unmodified,y,11b,11a,,326.0,270.0,279.0,289.0,280.0,351.0,412.0,2207.0,,467.0,right,A,False
participant_010,c,10,experiment,34,12,1,exhaustive,y,12b,12a,12a,513.0,483.0,672.0,542.0,451.0,449.0,592.0,3702.0,,1062.0,right,A,False
participant_010,c,20,experiment,39,13,1,contrastive,n,13a,13b,13b,283.0,287.0,356.0,240.0,313.0,300.0,387.0,2166.0,,1148.0,left,A,True
participant_010,c,29,experiment,41,14,1,unmodified,n,14a,14b,,260.0,241.0,381.0,405.0,329.0,305.0,338.0,2259.0,,915.0,left,A,False
participant_010,c,15,experiment,43,15,1,exhaustive,n,15a,15b,15a,327.0,192.0,304.0,279.0,409.0,349.0,324.0,2184.0,,413.0,left,A,False
participant_010,c,25,experiment,48,16,1,contrastive,y,16b,16a,16b,300.0,232.0,248.0,268.0,251.0,261.0,255.0,1815.0,,977.0,right,A,True
participant_010,c,24,experiment,50,17,1,unmodified,y,17b,17a,,316.0,238.0,242.0,214.0,207.0,214.0,336.0,1767.0,,498.0,right,A,False
participant_010,c,38,experiment,52,18,1,exhaustive,y,18b,18a,18a,302.0,200.0,200.0,226.0,231.0,265.0,323.0,1747.0,,849.0,right,A,False
participant_011,a,36,experiment,1,1,1,exhaustive,n,1a,1b,1a,488.0,238.0,289.0,445.0,236.0,208.0,480.0,2384.0,,2473.0,right,B,True
participant_011,a,50,experiment,6,2,1,contrastive,y,2b,2a,2b,305.0,182.0,201.0,215.0,200.0,232.0,440.0,1775.0,,532.0,right,A,True
participant_011,a,18,experiment,8,3,1,unmodified,y,3b,3a,,597.0,321.0,210.0,390.0,301.0,260.0,172.0,2251.0,,920.0,left,B,False
participant_011,a,43,experiment,10,4,1,exhaustive,y,4b,4a,4a,535.0,244.0,2164.0,321.0,373.0,368.0,419.0,4424.0,,682.0,left,B,True
participant_011,a,10,experiment,15,5,1,contrastive,n,5a,5b,5b,1106.0,493.0,515.0,379.0,376.0,858.0,579.0,4306.0,,1649.0,left,A,True
participant_011,a,13,experiment,17,6,1,unmodified,n,6a,6b,,608.0,512.0,529.0,804.0,445.0,334.0,1121.0,4353.0,,834.0,left,A,False
participant_011,a,49,experiment,19,7,1,exhaustive,n,7a,7b,7a,384.0,234.0,201.0,206.0,324.0,220.0,584.0,2153.0,,2981.0,right,B,True
participant_011,a,47,experiment,24,8,1,contrastive,y,8b,8a,8b,287.0,226.0,246.0,210.0,327.0,313.0,345.0,1954.0,,1892.0,right,A,True
participant_011,a,35,experiment,26,9,1,unmodified,y,9b,9a,,439.0,319.0,288.0,608.0,217.0,439.0,460.0,2770.0,,464.0,left,B,False
participant_011,a,45,experiment,28,10,1,exhaustive,y,10b,10a,10a,520.0,227.0,184.0,398.0,294.0,732.0,304.0,2659.0,,858.0,right,A,False
participant_011,a,42,experiment,33,11,1,contrastive,n,11a,11b,11b,1555.0,326.0,1744.0,368.0,248.0,629.0,424.0,5294.0,,1168.0,left,A,True
participant_011,a,27,experiment,35,12,1,unmodified,n,12a,12b,,554.0,434.0,451.0,699.0,305.0,732.0,409.0,3584.0,,982.0,left,A,False
participant_011,a,38,experiment,37,13,1,exhaustive,n,13a,13b,13a,600.0,290.0,209.0,234.0,900.0,471.0,353.0,3057.0,,770.0,right,B,True
participant_011,a,31,experiment,42,14,1,contrastive,y,14b,14a,14b,493.0,324.0,218.0,790.0,372.0,370.0,620.0,3187.0,,3077.0,left,B,False
participant_011,a,29,experiment,44,15,1,unmodified,y,15b,15a,,510.0,266.0,288.0,312.0,345.0,335.0,554.0,2610.0,,847.0,left,B,False
participant_011,a,40,experiment,46,16,1,exhaustive,y,16b,16a,16a,464.0,182.0,386.0,296.0,230.0,418.0,298.0,2274.0,,940.0,right,A,False
participant_011,a,34,experiment,51,17,1,contrastive,n,17a,17b,17b,671.0,428.0,393.0,354.0,309.0,560.0,443.0,3158.0,,742.0,left,A,True
participant_011,a,21,experiment,53,18,1,unmodified,n,18a,18b,,509.0,291.0,341.0,360.0,327.0,369.0,464.0,2661.0,,905.0,right,B,False
participant_012,b,34,experiment,2,1,1,unmodified,y,1b,1a,,564.0,191.0,269.0,488.0,192.0,176.0,457.0,2337.0,,537.0,right,A,False
participant_012,b,26,experiment,4,2,1,exhaustive,y,2b,2a,2a,314.0,182.0,160.0,195.0,253.0,198.0,189.0,1491.0,,925.0,left,B,True
participant_012,b,49,experiment,9,3,1,contrastive,n,3a,3b,3b,243.0,261.0,240.0,224.0,256.0,259.0,731.0,2214.0,,885.0,right,B,False
participant_012,b,25,experiment,11,4,1,unmodified,n,4a,4b,,256.0,177.0,173.0,177.0,205.0,262.0,371.0,1621.0,,660.0,left,A,False
participant_012,b,13,experiment,13,5,1,exhaustive,n,5a,5b,5a,424.0,365.0,339.0,368.0,293.0,356.0,428.0,2573.0,,1313.0,right,B,True
participant_012,b,15,experiment,18,6,1,contrastive,y,6b,6a,6b,236.0,303.0,273.0,377.0,296.0,211.0,445.0,2141.0,,1833.0,right,A,True
participant_012,b,37,experiment,20,7,1,unmodified,y,7b,7a,,232.0,177.0,127.0,376.0,200.0,223.0,433.0,1768.0,,1097.0,right,A,False
participant_012,b,17,experiment,22,8,1,exhaustive,y,8b,8a,8a,202.0,194.0,360.0,239.0,343.0,259.0,381.0,1978.0,,1222.0,right,A,False
participant_012,b,12,experiment,27,9,1,contrastive,n,9a,9b,9b,544.0,361.0,528.0,361.0,350.0,411.0,558.0,3113.0,,1456.0,left,A,True
participant_012,b,21,experiment,29,10,1,unmodified,n,10a,10b,,244.0,173.0,200.0,397.0,291.0,207.0,521.0,2033.0,,1573.0,left,A,False
participant_012,b,39,experiment,31,11,1,exhaustive,n,11a,11b,11a,232.0,281.0,178.0,483.0,306.0,435.0,469.0,2384.0,,897.0,left,A,False
participant_012,b,41,experiment,36,12,1,contrastive,y,12b,12a,12b,396.0,475.0,265.0,239.0,220.0,197.0,215.0,2007.0,,2167.0,left,B,False
participant_012,b,14,experiment,38,13,1,unmodified,y,13b,13a,,344.0,264.0,328.0,304.0,331.0,399.0,578.0,2548.0,,971.0,right,A,False
participant_012,b,29,experiment,40,14,1,exhaustive,y,14b,14a,14a,411.0,206.0,144.0,205.0,437.0,248.0,494.0,2145.0,,2840.0,left,B,True
participant_012,b,46,experiment,45,15,1,contrastive,n,15a,15b,15b,311.0,240.0,192.0,298.0,200.0,206.0,440.0,1887.0,,1161.0,right,B,False
participant_012,b,18,experiment,47,16,1,unmodified,n,16a,16b,,231.0,178.0,198.0,321.0,256.0,336.0,367.0,1887.0,,1462.0,left,A,False
participant_012,b,23,experiment,49,17,1,exhaustive,n,17a,17b,17a,248.0,200.0,225.0,335.0,366.0,298.0,336.0,2008.0,,1173.0,left,A,False
participant_012,b,43,experiment,54,18,1,contrastive,y,18b,18a,18b,416.0,217.0,223.0,448.0,208.0,289.0,679.0,2480.0,,4272.0,left,B,False
participant_013,c,33,experiment,3,1,1,contrastive,n,1a,1b,1b,239.0,200.0,416.0,213.0,200.0,220.0,335.0,1823.0,,1206.0,left,A,True
participant_013,c,36,experiment,5,2,1,unmodified,n,2a,2b,,185.0,233.0,263.0,176.0,207.0,325.0,356.0,1745.0,,932.0,left,A,False
participant_013,c,34,experiment,7,3,1,exhaustive,n,3a,3b,3a,351.0,217.0,229.0,199.0,204.0,162.0,429.0,1791.0,,1967.0,left,A,False
participant_013,c,47,experiment,12,4,1,contrastive,y,4b,4a,4b,280.0,200.0,405.0,171.0,273.0,359.0,296.0,1984.0,,1395.0,right,A,True
participant_013,c,27,experiment,14,5,1,unmodified,y,5b,5a,,336.0,207.0,225.0,311.0,274.0,200.0,412.0,1965.0,,912.0,right,A,False
participant_013,c,17,experiment,16,6,1,exhaustive,y,6b,6a,6a,411.0,201.0,189.0,111.0,372.0,237.0,202.0,1723.0,,1084.0,right,A,False
participant_013,c,49,experiment,21,7,1,contrastive,n,7a,7b,7b,247.0,160.0,176.0,169.0,191.0,263.0,307.0,1513.0,,597.0,left,A,True
participant_013,c,12,experiment,23,8,1,unmodified,n,8a,8b,,466.0,234.0,189.0,312.0,264.0,273.0,338.0,2076.0,,1107.0,left,A,False
participant_013,c,40,experiment,25,9,1,exhaustive,n,9a,9b,9a,237.0,199.0,287.0,353.0,193.0,279.0,665.0,2213.0,,728.0,right,B,True
participant_013,c,43,experiment,30,10,1,contrastive,y,10b,10a,10b,300.0,318.0,180.0,149.0,120.0,272.0,248.0,1587.0,,905.0,right,A,True
participant_013,c,22,experiment,32,11,1,unmodified,y,11b,11a,,296.0,144.0,200.0,202.0,318.0,287.0,249.0,1696.0,,957.0,right,A,False
participant_013,c,10,experiment,34,12,1,exhaustive,y,12b,12a,12a,418.0,254.0,352.0,285.0,219.0,456.0,429.0,2413.0,,1460.0,right,A,False
participant_013,c,20,experiment,39,13,1,contrastive,n,13a,13b,13b,242.0,206.0,205.0,227.0,202.0,226.0,255.0,1563.0,,1023.0,left,A,True
participant_013,c,29,experiment,41,14,1,unmodified,n,14a,14b,,304.0,200.0,280.0,235.0,287.0,246.0,312.0,1864.0,,1344.0,right,B,False
participant_013,c,15,experiment,43,15,1,exhaustive,n,15a,15b,15a,316.0,267.0,261.0,173.0,312.0,273.0,253.0,1855.0,,1178.0,right,B,True
participant_013,c,25,experiment,48,16,1,contrastive,y,16b,16a,16b,509.0,434.0,196.0,173.0,331.0,269.0,376.0,2288.0,,700.0,right,A,True
participant_013,c,24,experiment,50,17,1,unmodified,y,17b,17a,,630.0,206.0,236.0,308.0,222.0,182.0,256.0,2040.0,,963.0,right,A,False
participant_013,c,38,experiment,52,18,1,exhaustive,y,18b,18a,18a,267.0,200.0,164.0,148.0,216.0,268.0,468.0,1731.0,,862.0,right,A,False
participant_014,b,34,experiment,2,1,1,unmodified,y,1b,1a,,331.0,370.0,230.0,166.0,402.0,345.0,335.0,2179.0,,644.0,right,A,False
participant_014,b,26,experiment,4,2,1,exhaustive,y,2b,2a,2a,376.0,273.0,261.0,306.0,425.0,331.0,407.0,2379.0,,557.0,right,A,False
participant_014,b,49,experiment,9,3,1,contrastive,n,3a,3b,3b,316.0,200.0,160.0,110.0,339.0,517.0,382.0,2024.0,,519.0,left,A,True
participant_014,b,25,experiment,11,4,1,unmodified,n,4a,4b,,380.0,254.0,240.0,656.0,447.0,480.0,575.0,3032.0,,591.0,left,A,False
participant_014,b,13,experiment,13,5,1,exhaustive,n,5a,5b,5a,248.0,183.0,165.0,125.0,428.0,376.0,445.0,1970.0,,2534.0,left,A,False
participant_014,b,15,experiment,18,6,1,contrastive,y,6b,6a,6b,255.0,184.0,168.0,154.0,158.0,325.0,317.0,1561.0,,687.0,right,A,True
participant_014,b,37,experiment,20,7,1,unmodified,y,7b,7a,,379.0,276.0,384.0,359.0,372.0,591.0,361.0,2722.0,,500.0,right,A,False
participant_014,b,17,experiment,22,8,1,exhaustive,y,8b,8a,8a,415.0,264.0,211.0,278.0,379.0,358.0,384.0,2289.0,,616.0,right,A,False
participant_014,b,12,experiment,27,9,1,contrastive,n,9a,9b,9b,354.0,238.0,183.0,356.0,312.0,285.0,426.0,2154.0,,606.0,left,A,True
participant_014,b,21,experiment,29,10,1,unmodified,n,10a,10b,,346.0,227.0,188.0,389.0,380.0,418.0,394.0,2342.0,,565.0,left,A,False
participant_014,b,39,experiment,31,11,1,exhaustive,n,11a,11b,11a,426.0,272.0,287.0,373.0,383.0,351.0,422.0,2514.0,,1024.0,left,A,False
participant_014,b,41,experiment,36,12,1,contrastive,y,12b,12a,12b,236.0,170.0,141.0,132.0,449.0,640.0,521.0,2289.0,,550.0,right,A,True
participant_014,b,14,experiment,38,13,1,unmodified,y,13b,13a,,285.0,191.0,172.0,175.0,383.0,352.0,407.0,1965.0,,831.0,right,A,False
participant_014,b,29,experiment,40,14,1,exhaustive,y,14b,14a,14a,310.0,239.0,204.0,141.0,352.0,374.0,397.0,2017.0,,501.0,right,A,False
participant_014,b,46,experiment,45,15,1,contrastive,n,15a,15b,15b,328.0,245.0,182.0,358.0,322.0,356.0,425.0,2216.0,,649.0,left,A,True
participant_014,b,18,experiment,47,16,1,unmodified,n,16a,16b,,315.0,203.0,158.0,147.0,131.0,345.0,836.0,2135.0,,811.0,left,A,False
participant_014,b,23,experiment,49,17,1,exhaustive,n,17a,17b,17a,267.0,216.0,154.0,177.0,304.0,350.0,316.0,1784.0,,504.0,left,A,False
participant_014,b,43,experiment,54,18,1,contrastive,y,18b,18a,18b,303.0,213.0,147.0,149.0,375.0,315.0,368.0,1870.0,,476.0,right,A,True
participant_015,a,36,experiment,1,1,1,exhaustive,n,1a,1b,1a,249.0,417.0,419.0,727.0,468.0,681.0,684.0,3645.0,,2007.0,left,A,False
participant_015,a,50,experiment,6,2,1,contrastive,y,2b,2a,2b,295.0,318.0,331.0,296.0,306.0,255.0,351.0,2152.0,,1900.0,left,B,False
participant_015,a,18,experiment,8,3,1,unmodified,y,3b,3a,,568.0,654.0,575.0,721.0,683.0,832.0,648.0,4681.0,,2168.0,right,A,False
participant_015,a,43,experiment,10,4,1,exhaustive,y,4b,4a,4a,495.0,361.0,518.0,411.0,418.0,389.0,513.0,3105.0,,1448.0,right,A,False
participant_015,a,10,experiment,15,5,1,contrastive,n,5a,5b,5b,701.0,505.0,714.0,684.0,484.0,487.0,569.0,4144.0,,2291.0,right,B,False
participant_015,a,13,experiment,17,6,1,unmodified,n,6a,6b,,757.0,785.0,623.0,587.0,625.0,678.0,616.0,4671.0,,2020.0,left,A,False
participant_015,a,49,experiment,19,7,1,exhaustive,n,7a,7b,7a,467.0,401.0,503.0,399.0,389.0,593.0,784.0,3536.0,,1583.0,left,A,False
participant_015,a,47,experiment,24,8,1,contrastive,y,8b,8a,8b,631.0,475.0,808.0,336.0,354.0,380.0,689.0,3673.0,,1994.0,left,B,False
participant_015,a,35,experiment,26,9,1,unmodified,y,9b,9a,,450.0,300.0,471.0,576.0,393.0,480.0,1596.0,4266.0,,1807.0,right,A,False
participant_015,a,45,experiment,28,10,1,exhaustive,y,10b,10a,10a,217.0,382.0,389.0,378.0,418.0,324.0,410.0,2518.0,,1336.0,right,A,False
participant_015,a,42,experiment,33,11,1,contrastive,n,11a,11b,11b,371.0,306.0,505.0,325.0,462.0,363.0,440.0,2772.0,,2003.0,right,B,False
participant_015,a,27,experiment,35,12,1,unmodified,n,12a,12b,,308.0,506.0,424.0,597.0,549.0,748.0,726.0,3858.0,,2159.0,left,A,False
participant_015,a,38,experiment,37,13,1,exhaustive,n,13a,13b,13a,483.0,364.0,388.0,500.0,446.0,441.0,1578.0,4200.0,,10095.0,right,B,True
participant_015,a,31,experiment,42,14,1,contrastive,y,14b,14a,14b,515.0,661.0,1476.0,843.0,475.0,818.0,1729.0,6517.0,,2531.0,left,B,False
participant_015,a,29,experiment,44,15,1,unmodified,y,15b,15a,,553.0,645.0,944.0,662.0,598.0,735.0,934.0,5071.0,,1785.0,right,A,False
participant_015,a,40,experiment,46,16,1,exhaustive,y,16b,16a,16a,260.0,521.0,517.0,384.0,379.0,360.0,974.0,3395.0,,2117.0,right,A,False
participant_015,a,34,experiment,51,17,1,contrastive,n,17a,17b,17b,482.0,473.0,766.0,795.0,565.0,533.0,5823.0,9437.0,,2660.0,left,A,True
participant_015,a,21,experiment,53,18,1,unmodified,n,18a,18b,,575.0,526.0,446.0,503.0,431.0,494.0,460.0,3435.0,,2995.0,right,B,False
participant_016,b,34,experiment,2,1,1,unmodified,y,1b,1a,,321.0,282.0,241.0,340.0,322.0,366.0,331.0,2203.0,,1655.0,right,A,False
participant_016,b,26,experiment,4,2,1,exhaustive,y,2b,2a,2a,259.0,358.0,434.0,359.0,360.0,563.0,549.0,2882.0,,903.0,right,A,False
participant_016,b,49,experiment,9,3,1,contrastive,n,3a,3b,3b,334.0,273.0,418.0,350.0,318.0,419.0,488.0,2600.0,,1460.0,right,B,False
participant_016,b,25,experiment,11,4,1,unmodified,n,4a,4b,,491.0,379.0,501.0,371.0,352.0,333.0,529.0,2956.0,,1295.0,left,A,False
participant_016,b,13,experiment,13,5,1,exhaustive,n,5a,5b,5a,435.0,263.0,302.0,400.0,303.0,287.0,388.0,2378.0,,1555.0,right,B,True
participant_016,b,15,experiment,18,6,1,contrastive,y,6b,6a,6b,299.0,322.0,222.0,326.0,229.0,309.0,297.0,2004.0,,3690.0,left,B,False
participant_016,b,37,experiment,20,7,1,unmodified,y,7b,7a,,285.0,329.0,435.0,434.0,411.0,519.0,658.0,3071.0,,1134.0,right,A,False
participant_016,b,17,experiment,22,8,1,exhaustive,y,8b,8a,8a,290.0,278.0,229.0,274.0,268.0,232.0,387.0,1958.0,,1006.0,right,A,False
participant_016,b,12,experiment,27,9,1,contrastive,n,9a,9b,9b,282.0,288.0,672.0,312.0,631.0,449.0,399.0,3033.0,,3906.0,right,B,False
participant_016,b,21,experiment,29,10,1,unmodified,n,10a,10b,,346.0,317.0,295.0,258.0,302.0,277.0,237.0,2032.0,,1978.0,left,A,False
participant_016,b,39,experiment,31,11,1,exhaustive,n,11a,11b,11a,353.0,278.0,463.0,382.0,340.0,345.0,517.0,2678.0,,1900.0,left,A,False
participant_016,b,41,experiment,36,12,1,contrastive,y,12b,12a,12b,243.0,915.0,529.0,299.0,345.0,491.0,795.0,3617.0,,1642.0,left,B,False
participant_016,b,14,experiment,38,13,1,unmodified,y,13b,13a,,627.0,457.0,472.0,569.0,531.0,408.0,504.0,3568.0,,819.0,right,A,False
participant_016,b,29,experiment,40,14,1,exhaustive,y,14b,14a,14a,303.0,292.0,398.0,372.0,404.0,371.0,634.0,2774.0,,1915.0,left,B,True
participant_016,b,46,experiment,45,15,1,contrastive,n,15a,15b,15b,328.0,294.0,493.0,270.0,321.0,290.0,480.0,2476.0,,5934.0,right,B,False
participant_016,b,18,experiment,47,16,1,unmodified,n,16a,16b,,296.0,230.0,197.0,419.0,270.0,316.0,326.0,2054.0,,1870.0,left,A,False
participant_016,b,23,experiment,49,17,1,exhaustive,n,17a,17b,17a,525.0,268.0,349.0,438.0,393.0,461.0,472.0,2906.0,,1236.0,left,A,False
participant_016,b,43,experiment,54,18,1,contrastive,y,18b,18a,18b,524.0,444.0,496.0,608.0,402.0,506.0,563.0,3543.0,,2320.0,left,B,False
participant_017,c,33,experiment,3,1,1,contrastive,n,1a,1b,1b,363.0,333.0,359.0,258.0,301.0,290.0,398.0,2302.0,,1116.0,right,B,False
participant_017,c,36,experiment,5,2,1,unmodified,n,2a,2b,,396.0,271.0,408.0,284.0,365.0,336.0,337.0,2397.0,,5419.0,right,B,False
participant_017,c,34,experiment,7,3,1,exhaustive,n,3a,3b,3a,418.0,372.0,418.0,423.0,510.0,669.0,781.0,3591.0,,1620.0,left,A,False
participant_017,c,47,experiment,12,4,1,contrastive,y,4b,4a,4b,420.0,301.0,320.0,428.0,354.0,426.0,334.0,2583.0,,2536.0,left,B,False
participant_017,c,27,experiment,14,5,1,unmodified,y,5b,5a,,284.0,454.0,395.0,383.0,290.0,401.0,643.0,2850.0,,7618.0,left,B,False
participant_017,c,17,experiment,16,6,1,exhaustive,y,6b,6a,6a,426.0,336.0,338.0,223.0,303.0,301.0,364.0,2291.0,,1245.0,right,A,False
participant_017,c,49,experiment,21,7,1,contrastive,n,7a,7b,7b,223.0,191.0,182.0,269.0,292.0,240.0,595.0,1992.0,,767.0,right,B,False
participant_017,c,12,experiment,23,8,1,unmodified,n,8a,8b,,369.0,363.0,443.0,332.0,426.0,352.0,414.0,2699.0,,963.0,left,A,False
participant_017,c,40,experiment,25,9,1,exhaustive,n,9a,9b,9a,446.0,327.0,396.0,419.0,295.0,300.0,301.0,2484.0,,864.0,left,A,False
participant_017,c,43,experiment,30,10,1,contrastive,y,10b,10a,10b,247.0,336.0,263.0,354.0,284.0,292.0,328.0,2104.0,,958.0,left,B,False
participant_017,c,22,experiment,32,11,1,unmodified,y,11b,11a,,437.0,314.0,338.0,364.0,351.0,451.0,347.0,2602.0,,926.0,right,A,False
participant_017,c,10,experiment,34,12,1,exhaustive,y,12b,12a,12a,414.0,501.0,540.0,434.0,345.0,532.0,420.0,3186.0,,1303.0,right,A,False
participant_017,c,20,experiment,39,13,1,contrastive,n,13a,13b,13b,1130.0,1220.0,633.0,490.0,692.0,655.0,915.0,5735.0,,3092.0,right,B,False
participant_017,c,29,experiment,41,14,1,unmodified,n,14a,14b,,343.0,300.0,295.0,393.0,454.0,325.0,525.0,2635.0,,1220.0,right,B,False
participant_017,c,15,experiment,43,15,1,exhaustive,n,15a,15b,15a,350.0,314.0,325.0,266.0,307.0,241.0,319.0,2122.0,,691.0,left,A,False
participant_017,c,25,experiment,48,16,1,contrastive,y,16b,16a,16b,492.0,307.0,362.0,368.0,342.0,506.0,337.0,2714.0,,898.0,left,B,False
participant_017,c,24,experiment,50,17,1,unmodified,y,17b,17a,,250.0,236.0,199.0,357.0,302.0,462.0,503.0,2309.0,,1187.0,right,A,False
participant_017,c,38,experiment,52,18,1,exhaustive,y,18b,18a,18a,404.0,364.0,274.0,349.0,261.0,334.0,582.0,2568.0,,1477.0,right,A,False
participant_018,c,33,experiment,3,1,1,contrastive,n,1a,1b,1b,321.0,272.0,255.0,297.0,264.0,321.0,364.0,2094.0,,724.0,right,B,False
participant_018,c,36,experiment,5,2,1,unmodified,n,2a,2b,,339.0,270.0,326.0,315.0,359.0,848.0,434.0,2891.0,,744.0,left,A,False
participant_018,c,34,experiment,7,3,1,exhaustive,n,3a,3b,3a,646.0,608.0,676.0,730.0,458.0,702.0,619.0,4439.0,,1246.0,left,A,False
participant_018,c,47,experiment,12,4,1,contrastive,y,4b,4a,4b,290.0,278.0,295.0,267.0,254.0,242.0,272.0,1898.0,,937.0,left,B,False
participant_018,c,27,experiment,14,5,1,unmodified,y,5b,5a,,445.0,343.0,333.0,359.0,331.0,348.0,490.0,2649.0,,1206.0,right,A,False
participant_018,c,17,experiment,16,6,1,exhaustive,y,6b,6a,6a,407.0,338.0,315.0,316.0,322.0,298.0,336.0,2332.0,,646.0,right,A,False
participant_018,c,49,experiment,21,7,1,contrastive,n,7a,7b,7b,290.0,214.0,248.0,270.0,266.0,250.0,347.0,1885.0,,927.0,right,B,False
participant_018,c,12,experiment,23,8,1,unmodified,n,8a,8b,,525.0,578.0,457.0,585.0,417.0,431.0,577.0,3570.0,,916.0,left,A,False
participant_018,c,40,experiment,25,9,1,exhaustive,n,9a,9b,9a,331.0,353.0,386.0,377.0,455.0,882.0,348.0,3132.0,,671.0,left,A,False
participant_018,c,43,experiment,30,10,1,contrastive,y,10b,10a,10b,279.0,380.0,556.0,420.0,311.0,326.0,416.0,2688.0,,870.0,left,B,False
participant_018,c,22,experiment,32,11,1,unmodified,y,11b,11a,,323.0,237.0,245.0,231.0,248.0,237.0,355.0,1876.0,,534.0,right,A,False
participant_018,c,10,experiment,34,12,1,exhaustive,y,12b,12a,12a,569.0,465.0,897.0,472.0,445.0,711.0,551.0,4110.0,,711.0,right,A,False
participant_018,c,20,experiment,39,13,1,contrastive,n,13a,13b,13b,653.0,409.0,329.0,309.0,345.0,340.0,619.0,3004.0,,690.0,right,B,False
participant_018,c,29,experiment,41,14,1,unmodified,n,14a,14b,,349.0,281.0,292.0,324.0,332.0,342.0,350.0,2270.0,,5364.0,left,A,False
participant_018,c,15,experiment,43,15,1,exhaustive,n,15a,15b,15a,470.0,413.0,398.0,416.0,363.0,418.0,395.0,2873.0,,1145.0,left,A,False
participant_018,c,25,experiment,48,16,1,contrastive,y,16b,16a,16b,340.0,284.0,301.0,345.0,301.0,313.0,339.0,2223.0,,1388.0,left,B,False
participant_018,c,24,experiment,50,17,1,unmodified,y,17b,17a,,318.0,279.0,280.0,265.0,499.0,357.0,373.0,2371.0,,1228.0,right,A,False
participant_018,c,38,experiment,52,18,1,exhaustive,y,18b,18a,18a,277.0,1412.0,2044.0,596.0,688.0,385.0,410.0,5812.0,,910.0,right,A,False
participant_019,c,33,experiment,3,1,1,contrastive,n,1a,1b,1b,853.0,851.0,3717.0,5565.0,961.0,973.0,1211.0,14131.0,,1811.0,left,A,True
participant_019,c,36,experiment,5,2,1,unmodified,n,2a,2b,,974.0,1560.0,834.0,828.0,716.0,870.0,1570.0,7352.0,,2085.0,left,A,False
participant_019,c,34,experiment,7,3,1,exhaustive,n,3a,3b,3a,1293.0,1635.0,1310.0,1568.0,1409.0,1273.0,1155.0,9643.0,,1647.0,left,A,False
participant_019,c,47,experiment,12,4,1,contrastive,y,4b,4a,4b,2037.0,1173.0,898.0,850.0,860.0,811.0,2745.0,9374.0,,1202.0,right,A,True
participant_019,c,27,experiment,14,5,1,unmodified,y,5b,5a,,634.0,939.0,506.0,592.0,538.0,772.0,704.0,4685.0,,4605.0,right,A,False
participant_019,c,17,experiment,16,6,1,exhaustive,y,6b,6a,6a,838.0,832.0,1039.0,824.0,728.0,936.0,1446.0,6643.0,,1703.0,right,A,False
participant_019,c,49,experiment,21,7,1,contrastive,n,7a,7b,7b,1055.0,714.0,804.0,1107.0,617.0,1162.0,1029.0,6488.0,,1427.0,left,A,True
participant_019,c,12,experiment,23,8,1,unmodified,n,8a,8b,,1002.0,958.0,716.0,1122.0,651.0,690.0,780.0,5919.0,,2444.0,left,A,False
participant_019,c,40,experiment,25,9,1,exhaustive,n,9a,9b,9a,1018.0,987.0,800.0,784.0,692.0,737.0,967.0,5985.0,,1521.0,left,A,False
participant_019,c,43,experiment,30,10,1,contrastive,y,10b,10a,10b,1632.0,856.0,1143.0,987.0,942.0,1089.0,1543.0,8192.0,,1778.0,right,A,True
participant_019,c,22,experiment,32,11,1,unmodified,y,11b,11a,,1201.0,1415.0,614.0,989.0,795.0,960.0,1051.0,7025.0,,1978.0,right,A,False
participant_019,c,10,experiment,34,12,1,exhaustive,y,12b,12a,12a,1034.0,1280.0,1028.0,858.0,693.0,1178.0,1009.0,7080.0,,2992.0,right,A,False
participant_019,c,20,experiment,39,13,1,contrastive,n,13a,13b,13b,1105.0,1051.0,1055.0,1175.0,929.0,1022.0,1042.0,7379.0,,2619.0,left,A,True
participant_019,c,29,experiment,41,14,1,unmodified,n,14a,14b,,632.0,673.0,644.0,822.0,694.0,651.0,987.0,5103.0,,4995.0,right,B,False
participant_019,c,15,experiment,43,15,1,exhaustive,n,15a,15b,15a,1089.0,1008.0,1171.0,1131.0,940.0,1068.0,1225.0,7632.0,,3750.0,left,A,False
participant_019,c,25,experiment,48,16,1,contrastive,y,16b,16a,16b,605.0,730.0,622.0,606.0,554.0,736.0,1002.0,4855.0,,1760.0,right,A,True
participant_019,c,24,experiment,50,17,1,unmodified,y,17b,17a,,892.0,826.0,728.0,1225.0,880.0,816.0,2495.0,7862.0,,1852.0,right,A,False
participant_019,c,38,experiment,52,18,1,exhaustive,y,18b,18a,18a,1040.0,1060.0,845.0,965.0,930.0,937.0,1121.0,6898.0,,2579.0,right,A,False
participant_020,b,34,experiment,2,1,1,unmodified,y,1b,1a,,355.0,299.0,367.0,349.0,353.0,380.0,482.0,2585.0,,1271.0,right,A,False
participant_020,b,26,experiment,4,2,1,exhaustive,y,2b,2a,2a,350.0,313.0,356.0,351.0,346.0,337.0,581.0,2634.0,,1789.0,right,A,False
participant_020,b,49,experiment,9,3,1,contrastive,n,3a,3b,3b,388.0,361.0,344.0,361.0,351.0,466.0,3049.0,5320.0,,2319.0,right,B,False
participant_020,b,25,experiment,11,4,1,unmodified,n,4a,4b,,338.0,305.0,323.0,299.0,334.0,374.0,401.0,2374.0,,1613.0,left,A,False
participant_020,b,13,experiment,13,5,1,exhaustive,n,5a,5b,5a,482.0,325.0,352.0,418.0,344.0,361.0,701.0,2983.0,,2206.0,left,A,False
participant_020,b,15,experiment,18,6,1,contrastive,y,6b,6a,6b,476.0,396.0,309.0,323.0,288.0,348.0,1288.0,3428.0,,1318.0,left,B,False
participant_020,b,37,experiment,20,7,1,unmodified,y,7b,7a,,414.0,221.0,389.0,269.0,416.0,551.0,1336.0,3596.0,,1327.0,right,A,False
participant_020,b,17,experiment,22,8,1,exhaustive,y,8b,8a,8a,500.0,286.0,319.0,313.0,388.0,521.0,4109.0,6436.0,,1586.0,right,A,False
participant_020,b,12,experiment,27,9,1,contrastive,n,9a,9b,9b,553.0,406.0,396.0,460.0,372.0,320.0,494.0,3001.0,,802.0,right,B,False
participant_020,b,21,experiment,29,10,1,unmodified,n,10a,10b,,427.0,292.0,337.0,433.0,399.0,399.0,522.0,2809.0,,1610.0,left,A,False
participant_020,b,39,experiment,31,11,1,exhaustive,n,11a,11b,11a,521.0,363.0,332.0,344.0,329.0,331.0,393.0,2613.0,,3399.0,left,A,False
participant_020,b,41,experiment,36,12,1,contrastive,y,12b,12a,12b,831.0,565.0,409.0,420.0,400.0,461.0,3236.0,6322.0,,1551.0,left,B,False
participant_020,b,14,experiment,38,13,1,unmodified,y,13b,13a,,501.0,337.0,362.0,391.0,432.0,509.0,461.0,2993.0,,1371.0,right,A,False
participant_020,b,29,experiment,40,14,1,exhaustive,y,14b,14a,14a,466.0,329.0,330.0,335.0,474.0,494.0,669.0,3097.0,,1600.0,right,A,False
participant_020,b,46,experiment,45,15,1,contrastive,n,15a,15b,15b,408.0,307.0,366.0,338.0,341.0,373.0,463.0,2596.0,,1370.0,right,B,False
participant_020,b,18,experiment,47,16,1,unmodified,n,16a,16b,,305.0,269.0,228.0,315.0,323.0,356.0,411.0,2207.0,,1071.0,left,A,False
participant_020,b,23,experiment,49,17,1,exhaustive,n,17a,17b,17a,446.0,362.0,338.0,384.0,421.0,408.0,1110.0,3469.0,,2174.0,left,A,False
participant_020,b,43,experiment,54,18,1,contrastive,y,18b,18a,18b,481.0,323.0,361.0,422.0,383.0,642.0,1895.0,4507.0,,1580.0,left,B,False
participant_021,a,36,experiment,1,1,1,exhaustive,n,1a,1b,1a,437.0,362.0,367.0,594.0,455.0,718.0,331.0,3264.0,,1205.0,left,A,False
participant_021,a,50,experiment,6,2,1,contrastive,y,2b,2a,2b,419.0,461.0,356.0,315.0,279.0,354.0,407.0,2591.0,,1003.0,left,B,False
participant_021,a,18,experiment,8,3,1,unmodified,y,3b,3a,,606.0,376.0,432.0,754.0,501.0,1378.0,673.0,4720.0,,1574.0,right,A,False
participant_021,a,43,experiment,10,4,1,exhaustive,y,4b,4a,4a,467.0,270.0,833.0,437.0,295.0,603.0,358.0,3263.0,,898.0,right,A,False
participant_021,a,10,experiment,15,5,1,contrastive,n,5a,5b,5b,777.0,510.0,654.0,1091.0,697.0,794.0,962.0,5485.0,,3748.0,left,A,True
participant_021,a,13,experiment,17,6,1,unmodified,n,6a,6b,,631.0,593.0,779.0,594.0,885.0,923.0,927.0,5332.0,,1420.0,left,A,False
participant_021,a,49,experiment,19,7,1,exhaustive,n,7a,7b,7a,420.0,245.0,405.0,343.0,421.0,362.0,247.0,2443.0,,762.0,left,A,False
participant_021,a,47,experiment,24,8,1,contrastive,y,8b,8a,8b,499.0,541.0,635.0,319.0,367.0,337.0,604.0,3302.0,,1148.0,left,B,False
participant_021,a,35,experiment,26,9,1,unmodified,y,9b,9a,,399.0,474.0,264.0,565.0,376.0,674.0,392.0,3144.0,,1510.0,right,A,False
participant_021,a,45,experiment,28,10,1,exhaustive,y,10b,10a,10a,431.0,258.0,539.0,552.0,369.0,285.0,446.0,2880.0,,838.0,right,A,False
participant_021,a,42,experiment,33,11,1,contrastive,n,11a,11b,11b,477.0,713.0,1324.0,804.0,767.0,651.0,606.0,5342.0,,2084.0,right,B,False
participant_021,a,27,experiment,35,12,1,unmodified,n,12a,12b,,441.0,433.0,431.0,720.0,754.0,737.0,600.0,4116.0,,846.0,left,A,False
participant_021,a,38,experiment,37,13,1,exhaustive,n,13a,13b,13a,571.0,345.0,351.0,587.0,335.0,482.0,364.0,3035.0,,896.0,left,A,False
participant_021,a,31,experiment,42,14,1,contrastive,y,14b,14a,14b,516.0,418.0,1519.0,561.0,351.0,548.0,1631.0,5544.0,,4074.0,left,B,False
participant_021,a,29,experiment,44,15,1,unmodified,y,15b,15a,,447.0,460.0,475.0,669.0,387.0,802.0,496.0,3736.0,,1716.0,right,A,False
participant_021,a,40,experiment,46,16,1,exhaustive,y,16b,16a,16a,380.0,252.0,484.0,634.0,324.0,316.0,414.0,2804.0,,930.0,right,A,False
participant_021,a,34,experiment,51,17,1,contrastive,n,17a,17b,17b,353.0,476.0,725.0,316.0,364.0,608.0,913.0,3755.0,,5323.0,right,B,False
participant_021,a,21,experiment,53,18,1,unmodified,n,18a,18b,,730.0,526.0,728.0,595.0,816.0,927.0,639.0,4961.0,,1268.0,left,A,False
participant_022,c,33,experiment,3,1,1,contrastive,n,1a,1b,1b,731.0,387.0,317.0,376.0,298.0,247.0,375.0,2731.0,,756.0,right,B,False
participant_022,c,36,experiment,5,2,1,unmodified,n,2a,2b,,677.0,408.0,363.0,389.0,380.0,515.0,216.0,2948.0,,770.0,left,A,False
participant_022,c,34,experiment,7,3,1,exhaustive,n,3a,3b,3a,464.0,401.0,399.0,748.0,384.0,1014.0,230.0,3640.0,,891.0,left,A,False
participant_022,c,47,experiment,12,4,1,contrastive,y,4b,4a,4b,433.0,394.0,505.0,408.0,256.0,176.0,454.0,2626.0,,864.0,left,B,False
participant_022,c,27,experiment,14,5,1,unmodified,y,5b,5a,,404.0,458.0,284.0,400.0,400.0,732.0,406.0,3084.0,,935.0,right,A,False
participant_022,c,17,experiment,16,6,1,exhaustive,y,6b,6a,6a,378.0,411.0,207.0,406.0,343.0,215.0,219.0,2179.0,,852.0,right,A,False
participant_022,c,49,experiment,21,7,1,contrastive,n,7a,7b,7b,428.0,332.0,278.0,406.0,230.0,170.0,437.0,2281.0,,717.0,right,B,False
participant_022,c,12,experiment,23,8,1,unmodified,n,8a,8b,,388.0,374.0,385.0,627.0,287.0,238.0,727.0,3026.0,,903.0,left,A,False
participant_022,c,40,experiment,25,9,1,exhaustive,n,9a,9b,9a,406.0,472.0,242.0,394.0,355.0,242.0,265.0,2376.0,,1011.0,left,A,False
participant_022,c,43,experiment,30,10,1,contrastive,y,10b,10a,10b,631.0,366.0,654.0,430.0,271.0,224.0,402.0,2978.0,,1016.0,left,B,False
participant_022,c,22,experiment,32,11,1,unmodified,y,11b,11a,,500.0,219.0,366.0,713.0,420.0,545.0,239.0,3002.0,,942.0,right,A,False
participant_022,c,10,experiment,34,12,1,exhaustive,y,12b,12a,12a,416.0,297.0,259.0,530.0,321.0,584.0,231.0,2638.0,,1086.0,right,A,False
participant_022,c,20,experiment,39,13,1,contrastive,n,13a,13b,13b,396.0,469.0,464.0,399.0,300.0,329.0,590.0,2947.0,,934.0,right,B,False
participant_022,c,29,experiment,41,14,1,unmodified,n,14a,14b,,484.0,441.0,365.0,443.0,464.0,753.0,299.0,3249.0,,1348.0,left,A,False
participant_022,c,15,experiment,43,15,1,exhaustive,n,15a,15b,15a,410.0,391.0,259.0,437.0,369.0,240.0,428.0,2534.0,,1262.0,left,A,False
participant_022,c,25,experiment,48,16,1,contrastive,y,16b,16a,16b,394.0,443.0,474.0,261.0,379.0,274.0,224.0,2449.0,,863.0,left,B,False
participant_022,c,24,experiment,50,17,1,unmodified,y,17b,17a,,453.0,412.0,246.0,676.0,258.0,436.0,318.0,2799.0,,853.0,right,A,False
participant_022,c,38,experiment,52,18,1,exhaustive,y,18b,18a,18a,559.0,323.0,284.0,364.0,276.0,398.0,467.0,2671.0,,893.0,right,A,False
participant_023,b,34,experiment,2,1,1,unmodified,y,1b,1a,,477.0,505.0,375.0,371.0,499.0,558.0,564.0,3349.0,,1270.1924300254452,right,A,False
participant_023,b,26,experiment,4,2,1,exhaustive,y,2b,2a,2a,491.0,409.0,324.0,432.0,568.0,758.0,373.0,3355.0,,1845.0,right,A,False
participant_023,b,49,experiment,9,3,1,contrastive,n,3a,3b,3b,563.0,357.0,352.0,408.0,385.0,816.0,1336.0,4217.0,,2407.0,right,B,False
participant_023,b,25,experiment,11,4,1,unmodified,n,4a,4b,,387.0,485.0,388.0,394.0,282.0,409.0,383.0,2728.0,,2636.0,left,A,False
participant_023,b,13,experiment,13,5,1,exhaustive,n,5a,5b,5a,1984.0,803.0,813.0,696.0,560.0,674.0,1102.0,6632.0,,1789.0,left,A,False
participant_023,b,15,experiment,18,6,1,contrastive,y,6b,6a,6b,475.0,477.0,512.0,504.0,455.0,563.0,534.0,3520.0,,2812.0,right,A,True
participant_023,b,37,experiment,20,7,1,unmodified,y,7b,7a,,480.0,450.0,414.0,608.0,520.0,1633.0,4660.0,8765.0,,2075.0,right,A,False
participant_023,b,17,experiment,22,8,1,exhaustive,y,8b,8a,8a,664.0,481.0,447.0,487.0,478.0,667.0,607.0,3831.0,,957.0,right,A,False
participant_023,b,12,experiment,27,9,1,contrastive,n,9a,9b,9b,985.0,1380.0,2267.0,777.0,485.0,538.0,1168.0,7600.0,,2932.0,left,A,True
participant_023,b,21,experiment,29,10,1,unmodified,n,10a,10b,,471.0,511.0,415.0,433.0,395.0,469.0,480.0,3174.0,,2339.0,left,A,False
participant_023,b,39,experiment,31,11,1,exhaustive,n,11a,11b,11a,445.0,355.0,339.0,309.0,342.0,314.0,606.0,2710.0,,2332.0,left,A,False
participant_023,b,41,experiment,36,12,1,contrastive,y,12b,12a,12b,544.0,360.0,326.0,307.0,265.0,357.0,286.0,2445.0,,1270.1924300254452,right,A,True
participant_023,b,14,experiment,38,13,1,unmodified,y,13b,13a,,704.0,512.0,464.0,552.0,512.0,529.0,527.0,3800.0,,2080.0,right,A,False
participant_023,b,29,experiment,40,14,1,exhaustive,y,14b,14a,14a,398.0,353.0,290.0,343.0,313.0,302.0,562.0,2561.0,,10226.0,right,A,False
participant_023,b,46,experiment,45,15,1,contrastive,n,15a,15b,15b,407.0,366.0,437.0,371.0,420.0,645.0,666.0,3312.0,,2127.0,right,B,False
participant_023,b,18,experiment,47,16,1,unmodified,n,16a,16b,,478.0,437.0,388.0,405.0,423.0,681.0,511.0,3323.0,,2022.0,left,A,False
participant_023,b,23,experiment,49,17,1,exhaustive,n,17a,17b,17a,551.0,439.0,416.0,469.0,561.0,490.0,568.0,3494.0,,3372.0,left,A,False
participant_023,b,43,experiment,54,18,1,contrastive,y,18b,18a,18b,937.0,463.0,464.0,431.0,577.0,1017.0,527.0,4416.0,,8750.0,left,B,False
participant_024,a,36,experiment,1,1,1,exhaustive,n,1a,1b,1a,386.0,284.0,337.0,403.0,389.0,507.0,498.0,2804.0,,2111.0,left,A,False
participant_024,a,50,experiment,6,2,1,contrastive,y,2b,2a,2b,397.0,524.0,373.0,371.0,291.0,366.0,443.0,2765.0,,1036.0,left,B,False
participant_024,a,18,experiment,8,3,1,unmodified,y,3b,3a,,513.0,554.0,600.0,516.0,555.0,564.0,852.0,4154.0,,778.0,right,A,False
participant_024,a,43,experiment,10,4,1,exhaustive,y,4b,4a,4a,469.0,404.0,510.0,453.0,411.0,440.0,481.0,3168.0,,1352.0,right,A,False
participant_024,a,10,experiment,15,5,1,contrastive,n,5a,5b,5b,1113.0,1042.0,1182.0,1068.0,967.0,988.0,3029.0,9389.0,,6845.0,right,B,False
participant_024,a,13,experiment,17,6,1,unmodified,n,6a,6b,,632.0,1052.0,899.0,858.0,716.0,687.0,779.0,5623.0,,1047.0,left,A,False
participant_024,a,49,experiment,19,7,1,exhaustive,n,7a,7b,7a,438.0,358.0,351.0,400.0,320.0,346.0,465.0,2678.0,,925.0,left,A,False
participant_024,a,47,experiment,24,8,1,contrastive,y,8b,8a,8b,331.0,534.0,237.0,419.0,342.0,374.0,454.0,2691.0,,893.0,left,B,False
participant_024,a,35,experiment,26,9,1,unmodified,y,9b,9a,,431.0,404.0,366.0,458.0,471.0,438.0,769.0,3337.0,,1864.0,right,A,False
participant_024,a,45,experiment,28,10,1,exhaustive,y,10b,10a,10a,385.0,305.0,405.0,376.0,338.0,390.0,417.0,2616.0,,1269.0,right,A,False
participant_024,a,42,experiment,33,11,1,contrastive,n,11a,11b,11b,337.0,295.0,293.0,336.0,410.0,462.0,427.0,2560.0,,1475.0,left,A,True
participant_024,a,27,experiment,35,12,1,unmodified,n,12a,12b,,502.0,462.0,370.0,430.0,432.0,495.0,539.0,3230.0,,966.0,left,A,False
participant_024,a,38,experiment,37,13,1,exhaustive,n,13a,13b,13a,438.0,331.0,396.0,342.0,332.0,465.0,464.0,2768.0,,737.0,left,A,False
participant_024,a,31,experiment,42,14,1,contrastive,y,14b,14a,14b,500.0,431.0,430.0,462.0,475.0,433.0,633.0,3364.0,,2638.0,left,B,False
participant_024,a,29,experiment,44,15,1,unmodified,y,15b,15a,,465.0,365.0,463.0,606.0,464.0,570.0,658.0,3591.0,,1209.0,right,A,False
participant_024,a,40,experiment,46,16,1,exhaustive,y,16b,16a,16a,391.0,389.0,341.0,373.0,390.0,396.0,454.0,2734.0,,1112.0,right,A,False
participant_024,a,34,experiment,51,17,1,contrastive,n,17a,17b,17b,426.0,328.0,386.0,495.0,430.0,463.0,463.0,2991.0,,993.0,right,B,False
participant_024,a,21,experiment,53,18,1,unmodified,n,18a,18b,,566.0,506.0,465.0,499.0,571.0,932.0,523.0,4062.0,,877.0,left,A,False
participant_025,a,36,experiment,1,1,1,exhaustive,n,1a,1b,1a,563.0,437.0,493.0,480.0,450.0,479.0,490.0,3392.0,,827.0,left,A,False
participant_025,a,50,experiment,6,2,1,contrastive,y,2b,2a,2b,578.0,430.0,341.0,304.0,323.0,335.0,399.0,2710.0,,1249.0,left,B,False
participant_025,a,18,experiment,8,3,1,unmodified,y,3b,3a,,535.0,445.0,481.0,444.0,472.0,459.0,475.0,3311.0,,839.0,right,A,False
participant_025,a,43,experiment,10,4,1,exhaustive,y,4b,4a,4a,514.0,436.0,387.0,425.0,403.0,367.0,408.0,2940.0,,1313.0,right,A,False
participant_025,a,10,experiment,15,5,1,contrastive,n,5a,5b,5b,917.0,582.0,519.0,470.0,441.0,449.0,1087.0,4465.0,,6790.0,right,B,False
participant_025,a,13,experiment,17,6,1,unmodified,n,6a,6b,,603.0,528.0,493.0,497.0,473.0,469.0,507.0,3570.0,,1067.0,left,A,False
participant_025,a,49,experiment,19,7,1,exhaustive,n,7a,7b,7a,471.0,414.0,405.0,387.0,370.0,365.0,391.0,2803.0,,842.0,left,A,False
participant_025,a,47,experiment,24,8,1,contrastive,y,8b,8a,8b,455.0,370.0,365.0,329.0,335.0,357.0,369.0,2580.0,,1201.0,left,B,False
participant_025,a,35,experiment,26,9,1,unmodified,y,9b,9a,,546.0,464.0,491.0,493.0,505.0,445.0,499.0,3443.0,,972.0,right,A,False
participant_025,a,45,experiment,28,10,1,exhaustive,y,10b,10a,10a,446.0,397.0,381.0,372.0,376.0,386.0,403.0,2761.0,,1306.0,right,A,False
participant_025,a,42,experiment,33,11,1,contrastive,n,11a,11b,11b,505.0,460.0,423.0,400.0,385.0,409.0,440.0,3022.0,,1171.0,left,A,True
participant_025,a,27,experiment,35,12,1,unmodified,n,12a,12b,,502.0,418.0,434.0,401.0,390.0,430.0,473.0,3048.0,,913.0,left,A,False
participant_025,a,38,experiment,37,13,1,exhaustive,n,13a,13b,13a,551.0,462.0,425.0,408.0,430.0,472.0,441.0,3189.0,,962.0,left,A,False
participant_025,a,31,experiment,42,14,1,contrastive,y,14b,14a,14b,472.0,405.0,641.0,506.0,424.0,421.0,477.0,3346.0,,9363.0,left,B,False
participant_025,a,29,experiment,44,15,1,unmodified,y,15b,15a,,719.0,493.0,436.0,436.0,438.0,409.0,443.0,3374.0,,1074.0,right,A,False
participant_025,a,40,experiment,46,16,1,exhaustive,y,16b,16a,16a,436.0,389.0,347.0,348.0,335.0,342.0,380.0,2577.0,,850.0,right,A,False
participant_025,a,34,experiment,51,17,1,contrastive,n,17a,17b,17b,536.0,500.0,502.0,521.0,529.0,516.0,515.0,3619.0,,964.0,right,B,False
participant_025,a,21,experiment,53,18,1,unmodified,n,18a,18b,,515.0,507.0,443.0,445.0,499.0,452.0,490.0,3351.0,,2162.0,left,A,False
participant_026,b,34,experiment,2,1,1,unmodified,y,1b,1a,,486.0,434.0,403.0,418.0,412.0,432.0,415.0,3000.0,,1043.0,right,A,False
participant_026,b,26,experiment,4,2,1,exhaustive,y,2b,2a,2a,460.0,410.0,404.0,383.0,370.0,441.0,418.0,2886.0,,926.0,right,A,False
participant_026,b,49,experiment,9,3,1,contrastive,n,3a,3b,3b,450.0,389.0,414.0,399.0,406.0,400.0,407.0,2865.0,,1419.0,right,B,False
participant_026,b,25,experiment,11,4,1,unmodified,n,4a,4b,,449.0,348.0,390.0,403.0,383.0,391.0,467.0,2831.0,,1180.0,left,A,False
participant_026,b,13,experiment,13,5,1,exhaustive,n,5a,5b,5a,475.0,437.0,471.0,459.0,442.0,463.0,487.0,3234.0,,1194.0,left,A,False
participant_026,b,15,experiment,18,6,1,contrastive,y,6b,6a,6b,456.0,380.0,335.0,341.0,340.0,330.0,385.0,2567.0,,1125.0,right,A,True
participant_026,b,37,experiment,20,7,1,unmodified,y,7b,7a,,501.0,370.0,260.0,288.0,260.0,308.0,333.0,2320.0,,1783.0,right,A,False
participant_026,b,17,experiment,22,8,1,exhaustive,y,8b,8a,8a,520.0,421.0,354.0,373.0,424.0,399.0,422.0,2913.0,,1023.0,right,A,False
participant_026,b,12,experiment,27,9,1,contrastive,n,9a,9b,9b,544.0,493.0,380.0,449.0,416.0,474.0,540.0,3296.0,,1245.0,right,B,False
participant_026,b,21,experiment,29,10,1,unmodified,n,10a,10b,,539.0,404.0,401.0,430.0,399.0,413.0,456.0,3042.0,,1116.0,left,A,False
participant_026,b,39,experiment,31,11,1,exhaustive,n,11a,11b,11a,625.0,518.0,662.0,605.0,518.0,483.0,479.0,3890.0,,2145.0,left,A,False
participant_026,b,41,experiment,36,12,1,contrastive,y,12b,12a,12b,636.0,541.0,442.0,438.0,386.0,408.0,438.0,3289.0,,1650.0,right,A,True
participant_026,b,14,experiment,38,13,1,unmodified,y,13b,13a,,545.0,420.0,335.0,342.0,349.0,381.0,404.0,2776.0,,904.0,right,A,False
participant_026,b,29,experiment,40,14,1,exhaustive,y,14b,14a,14a,556.0,488.0,446.0,449.0,481.0,461.0,494.0,3375.0,,3024.0,right,A,False
participant_026,b,46,experiment,45,15,1,contrastive,n,15a,15b,15b,479.0,377.0,368.0,369.0,390.0,456.0,500.0,2939.0,,2245.0,right,B,False
participant_026,b,18,experiment,47,16,1,unmodified,n,16a,16b,,426.0,396.0,353.0,371.0,383.0,367.0,411.0,2707.0,,1106.0,left,A,False
participant_026,b,23,experiment,49,17,1,exhaustive,n,17a,17b,17a,497.0,386.0,351.0,336.0,395.0,388.0,416.0,2769.0,,889.0,left,A,False
participant_026,b,43,experiment,54,18,1,contrastive,y,18b,18a,18b,677.0,451.0,442.0,420.0,446.0,435.0,476.0,3347.0,,10366.0,left,B,False
participant_027,c,33,experiment,3,1,1,contrastive,n,1a,1b,1b,358.0,356.0,324.0,348.0,347.0,305.0,309.0,2347.0,,1378.0,left,A,True
participant_027,c,36,experiment,5,2,1,unmodified,n,2a,2b,,416.0,303.0,311.0,285.0,312.0,318.0,358.0,2303.0,,1404.0,left,A,False
participant_027,c,34,experiment,7,3,1,exhaustive,n,3a,3b,3a,340.0,349.0,303.0,361.0,383.0,337.0,390.0,2463.0,,1607.0,left,A,False
participant_027,c,47,experiment,12,4,1,contrastive,y,4b,4a,4b,384.0,289.0,267.0,283.0,305.0,280.0,412.0,2220.0,,1101.0,right,A,True
participant_027,c,27,experiment,14,5,1,unmodified,y,5b,5a,,345.0,338.0,334.0,396.0,330.0,370.0,361.0,2474.0,,1172.0,right,A,False
participant_027,c,17,experiment,16,6,1,exhaustive,y,6b,6a,6a,618.0,384.0,386.0,344.0,378.0,432.0,481.0,3023.0,,1119.0,right,A,False
participant_027,c,49,experiment,21,7,1,contrastive,n,7a,7b,7b,430.0,341.0,307.0,346.0,357.0,662.0,428.0,2871.0,,1844.0,left,A,True
participant_027,c,12,experiment,23,8,1,unmodified,n,8a,8b,,613.0,237.0,377.0,353.0,405.0,447.0,379.0,2811.0,,1361.0,left,A,False
participant_027,c,40,experiment,25,9,1,exhaustive,n,9a,9b,9a,374.0,296.0,242.0,284.0,290.0,281.0,369.0,2136.0,,1469.0,left,A,False
participant_027,c,43,experiment,30,10,1,contrastive,y,10b,10a,10b,329.0,280.0,310.0,258.0,264.0,287.0,412.0,2140.0,,1079.0,right,A,True
participant_027,c,22,experiment,32,11,1,unmodified,y,11b,11a,,439.0,390.0,408.0,361.0,428.0,453.0,418.0,2897.0,,1504.0,right,A,False
participant_027,c,10,experiment,34,12,1,exhaustive,y,12b,12a,12a,430.0,320.0,312.0,428.0,398.0,584.0,445.0,2917.0,,1079.0,right,A,False
participant_027,c,20,experiment,39,13,1,contrastive,n,13a,13b,13b,449.0,391.0,378.0,380.0,365.0,589.0,483.0,3035.0,,1146.0,left,A,True
participant_027,c,29,experiment,41,14,1,unmodified,n,14a,14b,,360.0,311.0,316.0,340.0,316.0,314.0,320.0,2277.0,,1978.0,left,A,False
participant_027,c,15,experiment,43,15,1,exhaustive,n,15a,15b,15a,407.0,363.0,390.0,315.0,423.0,644.0,449.0,2991.0,,1190.0,left,A,False
participant_027,c,25,experiment,48,16,1,contrastive,y,16b,16a,16b,217.0,274.0,267.0,257.0,295.0,222.0,396.0,1928.0,,1035.0,right,A,True
participant_027,c,24,experiment,50,17,1,unmodified,y,17b,17a,,344.0,305.0,277.0,243.0,289.0,336.0,348.0,2142.0,,1557.0,right,A,False
participant_027,c,38,experiment,52,18,1,exhaustive,y,18b,18a,18a,538.0,319.0,291.0,288.0,275.0,293.0,350.0,2354.0,,1126.0,right,A,False
participant_028,a,36,experiment,1,1,1,exhaustive,n,1a,1b,1a,349.0,310.0,276.0,283.0,300.0,255.0,160.0,1933.0,,463.0,left,A,False
participant_028,a,50,experiment,6,2,1,contrastive,y,2b,2a,2b,415.0,322.0,304.0,289.0,312.0,304.0,264.0,2210.0,,935.0,right,A,True
participant_028,a,18,experiment,8,3,1,unmodified,y,3b,3a,,478.0,465.0,469.0,454.0,433.0,391.0,485.0,3175.0,,1143.0,right,A,False
participant_028,a,43,experiment,10,4,1,exhaustive,y,4b,4a,4a,334.0,316.0,283.0,296.0,239.0,306.0,239.0,2013.0,,2743.0,left,B,True
participant_028,a,10,experiment,15,5,1,contrastive,n,5a,5b,5b,912.0,683.0,611.0,572.0,502.0,510.0,597.0,4387.0,,1416.0,right,B,False
participant_028,a,13,experiment,17,6,1,unmodified,n,6a,6b,,464.0,422.0,473.0,401.0,472.0,482.0,469.0,3183.0,,873.0,left,A,False
participant_028,a,49,experiment,19,7,1,exhaustive,n,7a,7b,7a,438.0,265.0,225.0,216.0,170.0,148.0,366.0,1828.0,,519.0,right,B,True
participant_028,a,47,experiment,24,8,1,contrastive,y,8b,8a,8b,357.0,278.0,258.0,238.0,253.0,181.0,183.0,1748.0,,2513.0,right,A,True
participant_028,a,35,experiment,26,9,1,unmodified,y,9b,9a,,584.0,300.0,254.0,267.0,270.0,165.0,352.0,2192.0,,408.0,right,A,False
participant_028,a,45,experiment,28,10,1,exhaustive,y,10b,10a,10a,288.0,274.0,268.0,159.0,205.0,368.0,321.0,1883.0,,1894.0,left,B,True
participant_028,a,42,experiment,33,11,1,contrastive,n,11a,11b,11b,411.0,106.0,199.0,404.0,288.0,341.0,294.0,2043.0,,4090.0,left,A,True
participant_028,a,27,experiment,35,12,1,unmodified,n,12a,12b,,380.0,273.0,309.0,291.0,313.0,382.0,370.0,2318.0,,1189.0,left,A,False
participant_028,a,38,experiment,37,13,1,exhaustive,n,13a,13b,13a,320.0,271.0,277.0,250.0,256.0,247.0,282.0,1903.0,,398.0,left,A,False
participant_028,a,31,experiment,42,14,1,contrastive,y,14b,14a,14b,511.0,320.0,314.0,345.0,277.0,327.0,317.0,2411.0,,2818.0,left,B,False
participant_028,a,29,experiment,44,15,1,unmodified,y,15b,15a,,376.0,337.0,327.0,350.0,343.0,413.0,334.0,2480.0,,779.0,right,A,False
participant_028,a,40,experiment,46,16,1,exhaustive,y,16b,16a,16a,330.0,252.0,273.0,239.0,248.0,233.0,327.0,1902.0,,9170.0,right,A,False
participant_028,a,34,experiment,51,17,1,contrastive,n,17a,17b,17b,440.0,338.0,391.0,383.0,298.0,318.0,386.0,2554.0,,3139.0,right,B,False
participant_028,a,21,experiment,53,18,1,unmodified,n,18a,18b,,424.0,423.0,415.0,358.0,394.0,353.0,387.0,2754.0,,796.0,left,A,False
participant_029,b,34,experiment,2,1,1,unmodified,y,1b,1a,,424.0,256.0,356.0,309.0,339.0,313.0,327.0,2324.0,,469.0,right,A,False
participant_029,b,26,experiment,4,2,1,exhaustive,y,2b,2a,2a,285.0,256.0,244.0,301.0,280.0,242.0,250.0,1858.0,,827.0,right,A,False
participant_029,b,49,experiment,9,3,1,contrastive,n,3a,3b,3b,313.0,240.0,230.0,195.0,317.0,326.0,357.0,1978.0,,947.0,right,B,False
participant_029,b,25,experiment,11,4,1,unmodified,n,4a,4b,,186.0,211.0,201.0,210.0,359.0,331.0,323.0,1821.0,,731.0,left,A,False
participant_029,b,13,experiment,13,5,1,exhaustive,n,5a,5b,5a,376.0,338.0,352.0,354.0,350.0,339.0,357.0,2466.0,,1454.0,left,A,False
participant_029,b,15,experiment,18,6,1,contrastive,y,6b,6a,6b,225.0,262.0,250.0,258.0,359.0,343.0,427.0,2124.0,,1553.0,left,B,False
participant_029,b,37,experiment,20,7,1,unmodified,y,7b,7a,,293.0,257.0,250.0,339.0,277.0,289.0,375.0,2080.0,,983.0,left,B,False
participant_029,b,17,experiment,22,8,1,exhaustive,y,8b,8a,8a,336.0,338.0,287.0,303.0,302.0,298.0,362.0,2226.0,,466.0,right,A,False
participant_029,b,12,experiment,27,9,1,contrastive,n,9a,9b,9b,447.0,368.0,355.0,357.0,362.0,351.0,399.0,2639.0,,1000.0,right,B,False
participant_029,b,21,experiment,29,10,1,unmodified,n,10a,10b,,363.0,314.0,306.0,309.0,329.0,328.0,354.0,2303.0,,673.0,left,A,False
participant_029,b,39,experiment,31,11,1,exhaustive,n,11a,11b,11a,342.0,321.0,308.0,314.0,307.0,303.0,305.0,2200.0,,446.0,left,A,False
participant_029,b,41,experiment,36,12,1,contrastive,y,12b,12a,12b,388.0,262.0,322.0,327.0,303.0,309.0,324.0,2235.0,,495.0,left,B,False
participant_029,b,14,experiment,38,13,1,unmodified,y,13b,13a,,363.0,308.0,313.0,328.0,315.0,301.0,314.0,2242.0,,682.0,right,A,False
participant_029,b,29,experiment,40,14,1,exhaustive,y,14b,14a,14a,323.0,259.0,259.0,287.0,285.0,265.0,313.0,1991.0,,2281.0,right,A,False
participant_029,b,46,experiment,45,15,1,contrastive,n,15a,15b,15b,452.0,339.0,373.0,348.0,382.0,369.0,376.0,2639.0,,394.0,right,B,False
participant_029,b,18,experiment,47,16,1,unmodified,n,16a,16b,,333.0,346.0,342.0,322.0,339.0,309.0,326.0,2317.0,,1045.0,left,A,False
participant_029,b,23,experiment,49,17,1,exhaustive,n,17a,17b,17a,320.0,330.0,302.0,342.0,308.0,320.0,356.0,2278.0,,1096.0,left,A,False
participant_029,b,43,experiment,54,18,1,contrastive,y,18b,18a,18b,367.0,342.0,365.0,402.0,334.0,583.0,458.0,2851.0,,795.0,left,B,False
participant_030,c,33,experiment,3,1,1,contrastive,n,1a,1b,1b,673.0,249.0,228.0,243.0,239.0,255.0,233.0,2120.0,,368.0,right,B,False
participant_030,c,36,experiment,5,2,1,unmodified,n,2a,2b,,257.0,208.0,216.0,197.0,172.0,196.0,242.0,1488.0,,506.0,left,A,False
participant_030,c,34,experiment,7,3,1,exhaustive,n,3a,3b,3a,230.0,208.0,205.0,200.0,201.0,275.0,395.0,1714.0,,1039.0,left,A,False
participant_030,c,47,experiment,12,4,1,contrastive,y,4b,4a,4b,281.0,247.0,251.0,261.0,338.0,374.0,474.0,2226.0,,1319.0,left,B,False
participant_030,c,27,experiment,14,5,1,unmodified,y,5b,5a,,279.0,237.0,239.0,226.0,237.0,215.0,387.0,1820.0,,478.0,right,A,False
participant_030,c,17,experiment,16,6,1,exhaustive,y,6b,6a,6a,241.0,241.0,221.0,235.0,302.0,255.0,280.0,1775.0,,686.0,right,A,False
participant_030,c,49,experiment,21,7,1,contrastive,n,7a,7b,7b,352.0,366.0,353.0,337.0,414.0,354.0,427.0,2603.0,,457.0,right,B,False
participant_030,c,12,experiment,23,8,1,unmodified,n,8a,8b,,394.0,267.0,291.0,298.0,277.0,271.0,313.0,2111.0,,735.0,left,A,False
participant_030,c,40,experiment,25,9,1,exhaustive,n,9a,9b,9a,302.0,262.0,248.0,256.0,298.0,303.0,470.0,2139.0,,410.0,left,A,False
participant_030,c,43,experiment,30,10,1,contrastive,y,10b,10a,10b,302.0,285.0,249.0,312.0,321.0,326.0,328.0,2123.0,,870.0,left,B,False
participant_030,c,22,experiment,32,11,1,unmodified,y,11b,11a,,408.0,347.0,411.0,321.0,327.0,353.0,353.0,2520.0,,566.0,right,A,False
participant_030,c,10,experiment,34,12,1,exhaustive,y,12b,12a,12a,305.0,246.0,211.0,224.0,243.0,365.0,322.0,1916.0,,570.0,right,A,False
participant_030,c,20,experiment,39,13,1,contrastive,n,13a,13b,13b,347.0,307.0,301.0,305.0,319.0,316.0,293.0,2188.0,,330.0,right,B,False
participant_030,c,29,experiment,41,14,1,unmodified,n,14a,14b,,236.0,393.0,198.0,182.0,218.0,366.0,395.0,1988.0,,624.0,left,A,False
participant_030,c,15,experiment,43,15,1,exhaustive,n,15a,15b,15a,352.0,301.0,347.0,368.0,287.0,354.0,367.0,2376.0,,433.0,left,A,False
participant_030,c,25,experiment,48,16,1,contrastive,y,16b,16a,16b,290.0,227.0,198.0,192.0,353.0,315.0,103.0,1678.0,,350.0,left,B,False
participant_030,c,24,experiment,50,17,1,unmodified,y,17b,17a,,332.0,268.0,312.0,262.0,310.0,282.0,300.0,2066.0,,562.0,right,A,False
participant_030,c,38,experiment,52,18,1,exhaustive,y,18b,18a,18a,417.0,645.0,320.0,326.0,377.0,313.0,403.0,2801.0,,404.0,right,A,False
participant_031,c,33,experiment,3,1,1,contrastive,n,1a,1b,1b,685.0,995.0,1285.0,1147.0,1393.0,1311.0,1366.0,8182.0,,793.0,left,A,True
participant_031,c,36,experiment,5,2,1,unmodified,n,2a,2b,,984.0,1457.0,945.0,968.0,850.0,950.0,1256.0,7410.0,,1144.0,left,A,False
participant_031,c,34,experiment,7,3,1,exhaustive,n,3a,3b,3a,748.0,1713.0,674.0,1060.0,857.0,1519.0,1306.0,7877.0,,853.0,left,A,False
participant_031,c,47,experiment,12,4,1,contrastive,y,4b,4a,4b,937.0,729.0,898.0,821.0,485.0,1046.0,1705.0,6621.0,,1306.0,right,A,True
participant_031,c,27,experiment,14,5,1,unmodified,y,5b,5a,,479.0,1133.0,485.0,481.0,1282.0,735.0,1546.0,6141.0,,1624.0,right,A,False
participant_031,c,17,experiment,16,6,1,exhaustive,y,6b,6a,6a,1110.0,845.0,720.0,711.0,637.0,798.0,1031.0,5852.0,,925.0,right,A,False
participant_031,c,49,experiment,21,7,1,contrastive,n,7a,7b,7b,752.0,500.0,931.0,992.0,597.0,1291.0,1255.0,6318.0,,2386.0,left,A,True
participant_031,c,12,experiment,23,8,1,unmodified,n,8a,8b,,2156.0,1883.0,1314.0,1044.0,465.0,781.0,1602.0,9245.0,,827.0,left,A,False
participant_031,c,40,experiment,25,9,1,exhaustive,n,9a,9b,9a,632.0,899.0,1070.0,856.0,691.0,1495.0,1260.0,6903.0,,1184.0,left,A,False
participant_031,c,43,experiment,30,10,1,contrastive,y,10b,10a,10b,838.0,597.0,835.0,931.0,725.0,1233.0,1338.0,6497.0,,1033.0,right,A,True
participant_031,c,22,experiment,32,11,1,unmodified,y,11b,11a,,620.0,1275.0,537.0,1014.0,934.0,1524.0,2618.0,8522.0,,833.0,right,A,False
participant_031,c,10,experiment,34,12,1,exhaustive,y,12b,12a,12a,850.0,1355.0,1392.0,845.0,1355.0,1325.0,1514.0,8636.0,,803.0,right,A,False
participant_031,c,20,experiment,39,13,1,contrastive,n,13a,13b,13b,542.0,846.0,852.0,967.0,750.0,855.0,1213.0,6025.0,,895.0,left,A,True
participant_031,c,29,experiment,41,14,1,unmodified,n,14a,14b,,1440.0,1241.0,1588.0,2042.0,905.0,2196.0,2436.0,11848.0,,8298.0,left,A,False
participant_031,c,15,experiment,43,15,1,exhaustive,n,15a,15b,15a,791.0,1390.0,875.0,1188.0,628.0,1289.0,1613.0,7774.0,,1101.0,left,A,False
participant_031,c,25,experiment,48,16,1,contrastive,y,16b,16a,16b,725.0,758.0,812.0,735.0,577.0,1027.0,2081.0,6715.0,,739.0,right,A,True
participant_031,c,24,experiment,50,17,1,unmodified,y,17b,17a,,868.0,639.0,1235.0,1626.0,818.0,1044.0,2127.0,8357.0,,828.0,right,A,False
participant_031,c,38,experiment,52,18,1,exhaustive,y,18b,18a,18a,452.0,812.0,1014.0,700.0,766.0,1550.0,1642.0,6936.0,,877.0,right,A,False
participant_032,a,36,experiment,1,1,1,exhaustive,n,1a,1b,1a,442.0,384.0,381.0,380.0,344.0,386.0,371.0,2688.0,,567.0,left,A,False
participant_032,a,50,experiment,6,2,1,contrastive,y,2b,2a,2b,411.0,351.0,329.0,326.0,335.0,346.0,327.0,2425.0,,634.0,left,B,False
participant_032,a,18,experiment,8,3,1,unmodified,y,3b,3a,,803.0,792.0,541.0,529.0,452.0,725.0,496.0,4338.0,,1492.0,left,B,False
participant_032,a,43,experiment,10,4,1,exhaustive,y,4b,4a,4a,407.0,439.0,399.0,412.0,423.0,414.0,425.0,2919.0,,746.0,right,A,False
participant_032,a,10,experiment,15,5,1,contrastive,n,5a,5b,5b,1077.0,784.0,736.0,921.0,876.0,755.0,847.0,5996.0,,1083.0,right,B,False
participant_032,a,13,experiment,17,6,1,unmodified,n,6a,6b,,654.0,863.0,734.0,700.0,613.0,707.0,656.0,4927.0,,849.0,left,A,False
participant_032,a,49,experiment,19,7,1,exhaustive,n,7a,7b,7a,546.0,468.0,447.0,405.0,391.0,451.0,490.0,3198.0,,618.0,left,A,False
participant_032,a,47,experiment,24,8,1,contrastive,y,8b,8a,8b,462.0,420.0,347.0,474.0,374.0,366.0,358.0,2801.0,,678.0,left,B,False
participant_032,a,35,experiment,26,9,1,unmodified,y,9b,9a,,467.0,465.0,350.0,366.0,435.0,529.0,403.0,3015.0,,742.0,right,A,False
participant_032,a,45,experiment,28,10,1,exhaustive,y,10b,10a,10a,416.0,361.0,337.0,339.0,380.0,369.0,351.0,2553.0,,957.0,right,A,False
participant_032,a,42,experiment,33,11,1,contrastive,n,11a,11b,11b,594.0,539.0,461.0,408.0,399.0,446.0,457.0,3304.0,,887.0,right,B,False
participant_032,a,27,experiment,35,12,1,unmodified,n,12a,12b,,494.0,467.0,387.0,561.0,553.0,649.0,526.0,3637.0,,1362.0,left,A,False
participant_032,a,38,experiment,37,13,1,exhaustive,n,13a,13b,13a,599.0,426.0,339.0,393.0,362.0,381.0,486.0,2986.0,,766.0,left,A,False
participant_032,a,31,experiment,42,14,1,contrastive,y,14b,14a,14b,491.0,482.0,541.0,528.0,388.0,456.0,541.0,3427.0,,2889.0,left,B,False
participant_032,a,29,experiment,44,15,1,unmodified,y,15b,15a,,1070.0,622.0,464.0,674.0,460.0,501.0,465.0,4256.0,,1582.0,right,A,False
participant_032,a,40,experiment,46,16,1,exhaustive,y,16b,16a,16a,571.0,354.0,406.0,432.0,375.0,386.0,553.0,3077.0,,894.0,right,A,False
participant_032,a,34,experiment,51,17,1,contrastive,n,17a,17b,17b,547.0,504.0,554.0,446.0,506.0,460.0,669.0,3686.0,,1741.0,right,B,False
participant_032,a,21,experiment,53,18,1,unmodified,n,18a,18b,,497.0,608.0,566.0,541.0,747.0,615.0,567.0,4141.0,,1490.0,left,A,False
participant_033,b,34,experiment,2,1,1,unmodified,y,1b,1a,,363.0,432.0,315.0,346.0,406.0,367.0,315.0,2544.0,,797.0,right,A,False
participant_033,b,26,experiment,4,2,1,exhaustive,y,2b,2a,2a,332.0,387.0,310.0,356.0,359.0,433.0,343.0,2520.0,,1078.0,right,A,False
participant_033,b,49,experiment,9,3,1,contrastive,n,3a,3b,3b,385.0,357.0,341.0,376.0,333.0,643.0,366.0,2801.0,,1803.0,right,B,False
participant_033,b,25,experiment,11,4,1,unmodified,n,4a,4b,,403.0,627.0,378.0,386.0,424.0,466.0,935.0,3619.0,,1487.0,left,A,False
participant_033,b,13,experiment,13,5,1,exhaustive,n,5a,5b,5a,710.0,773.0,499.0,495.0,442.0,614.0,1335.0,4868.0,,2332.0,left,A,False
participant_033,b,15,experiment,18,6,1,contrastive,y,6b,6a,6b,513.0,471.0,507.0,447.0,446.0,473.0,485.0,3342.0,,2491.0,right,A,True
participant_033,b,37,experiment,20,7,1,unmodified,y,7b,7a,,301.0,316.0,324.0,380.0,415.0,725.0,362.0,2823.0,,1072.0,right,A,False
participant_033,b,17,experiment,22,8,1,exhaustive,y,8b,8a,8a,525.0,546.0,439.0,488.0,425.0,908.0,695.0,4026.0,,1553.0,right,A,False
participant_033,b,12,experiment,27,9,1,contrastive,n,9a,9b,9b,682.0,652.0,678.0,811.0,856.0,819.0,692.0,5190.0,,2898.0,left,A,True
participant_033,b,21,experiment,29,10,1,unmodified,n,10a,10b,,719.0,649.0,476.0,599.0,500.0,525.0,781.0,4249.0,,1578.0,left,A,False
participant_033,b,39,experiment,31,11,1,exhaustive,n,11a,11b,11a,350.0,348.0,320.0,303.0,295.0,328.0,294.0,2238.0,,1482.0,left,A,False
participant_033,b,41,experiment,36,12,1,contrastive,y,12b,12a,12b,734.0,419.0,428.0,432.0,365.0,617.0,472.0,3467.0,,1290.0,left,B,False
participant_033,b,14,experiment,38,13,1,unmodified,y,13b,13a,,657.0,478.0,446.0,486.0,469.0,776.0,652.0,3964.0,,1600.0,right,A,False
participant_033,b,29,experiment,40,14,1,exhaustive,y,14b,14a,14a,320.0,272.0,364.0,345.0,348.0,385.0,422.0,2456.0,,1612.0,right,A,False
participant_033,b,46,experiment,45,15,1,contrastive,n,15a,15b,15b,353.0,414.0,391.0,393.0,384.0,436.0,539.0,2910.0,,1683.0,right,B,False
participant_033,b,18,experiment,47,16,1,unmodified,n,16a,16b,,926.0,961.0,801.0,886.0,852.0,804.0,887.0,6117.0,,2243.0,left,A,False
participant_033,b,23,experiment,49,17,1,exhaustive,n,17a,17b,17a,409.0,365.0,366.0,389.0,449.0,424.0,967.0,3369.0,,1900.0,left,A,False
participant_033,b,43,experiment,54,18,1,contrastive,y,18b,18a,18b,438.0,360.0,368.0,362.0,396.0,436.0,426.0,2786.0,,3351.0,left,B,False
participant_034,a,36,experiment,1,1,1,exhaustive,n,1a,1b,1a,361.0,300.0,348.0,317.0,400.0,403.0,359.0,2488.0,,976.0,left,A,False
participant_034,a,50,experiment,6,2,1,contrastive,y,2b,2a,2b,304.0,249.0,281.0,247.0,273.0,219.0,321.0,1894.0,,642.0,left,B,False
participant_034,a,18,experiment,8,3,1,unmodified,y,3b,3a,,414.0,713.0,327.0,661.0,442.0,609.0,954.0,4120.0,,1766.0,right,A,False
participant_034,a,43,experiment,10,4,1,exhaustive,y,4b,4a,4a,350.0,663.0,281.0,513.0,296.0,584.0,298.0,2985.0,,836.0,right,A,False
participant_034,a,10,experiment,15,5,1,contrastive,n,5a,5b,5b,723.0,563.0,486.0,755.0,782.0,2099.0,1051.0,6459.0,,1995.0,left,A,True
participant_034,a,13,experiment,17,6,1,unmodified,n,6a,6b,,398.0,488.0,337.0,573.0,514.0,457.0,408.0,3175.0,,1084.0,left,A,False
participant_034,a,49,experiment,19,7,1,exhaustive,n,7a,7b,7a,486.0,449.0,281.0,317.0,367.0,283.0,350.0,2533.0,,635.0,left,A,False
participant_034,a,47,experiment,24,8,1,contrastive,y,8b,8a,8b,328.0,378.0,294.0,288.0,273.0,321.0,310.0,2192.0,,757.0,right,A,True
participant_034,a,35,experiment,26,9,1,unmodified,y,9b,9a,,331.0,341.0,330.0,330.0,398.0,296.0,383.0,2409.0,,771.0,right,A,False
participant_034,a,45,experiment,28,10,1,exhaustive,y,10b,10a,10a,311.0,249.0,411.0,254.0,278.0,345.0,299.0,2147.0,,1443.0,right,A,False
participant_034,a,42,experiment,33,11,1,contrastive,n,11a,11b,11b,303.0,294.0,284.0,266.0,282.0,300.0,337.0,2066.0,,947.0,left,A,True
participant_034,a,27,experiment,35,12,1,unmodified,n,12a,12b,,349.0,264.0,501.0,435.0,388.0,595.0,465.0,2997.0,,678.0,left,A,False
participant_034,a,38,experiment,37,13,1,exhaustive,n,13a,13b,13a,338.0,400.0,316.0,377.0,417.0,341.0,366.0,2555.0,,746.0,left,A,False
participant_034,a,31,experiment,42,14,1,contrastive,y,14b,14a,14b,369.0,412.0,457.0,466.0,351.0,444.0,529.0,3028.0,,816.0,right,A,True
participant_034,a,29,experiment,44,15,1,unmodified,y,15b,15a,,345.0,350.0,408.0,388.0,392.0,397.0,416.0,2696.0,,780.0,right,A,False
participant_034,a,40,experiment,46,16,1,exhaustive,y,16b,16a,16a,404.0,270.0,246.0,190.0,464.0,282.0,276.0,2132.0,,730.0,right,A,False
participant_034,a,34,experiment,51,17,1,contrastive,n,17a,17b,17b,391.0,334.0,628.0,492.0,415.0,388.0,420.0,3068.0,,772.0,left,A,True
participant_034,a,21,experiment,53,18,1,unmodified,n,18a,18b,,410.0,560.0,372.0,398.0,491.0,421.0,609.0,3261.0,,1801.0,left,A,False
participant_035,c,33,experiment,3,1,1,contrastive,n,1a,1b,1b,700.0,506.0,365.0,363.0,336.0,572.0,474.0,3316.0,,757.0,left,A,True
participant_035,c,36,experiment,5,2,1,unmodified,n,2a,2b,,326.0,523.0,360.0,409.0,329.0,547.0,383.0,2877.0,,591.0,left,A,False
participant_035,c,34,experiment,7,3,1,exhaustive,n,3a,3b,3a,422.0,312.0,247.0,441.0,373.0,626.0,432.0,2853.0,,750.0,left,A,False
participant_035,c,47,experiment,12,4,1,contrastive,y,4b,4a,4b,397.0,263.0,324.0,283.0,415.0,312.0,471.0,2465.0,,1137.0,right,A,True
participant_035,c,27,experiment,14,5,1,unmodified,y,5b,5a,,590.0,353.0,272.0,360.0,267.0,311.0,518.0,2671.0,,744.0,right,A,False
participant_035,c,17,experiment,16,6,1,exhaustive,y,6b,6a,6a,396.0,510.0,265.0,367.0,274.0,278.0,480.0,2570.0,,719.0,right,A,False
participant_035,c,49,experiment,21,7,1,contrastive,n,7a,7b,7b,371.0,231.0,349.0,268.0,334.0,265.0,318.0,2136.0,,525.0,left,A,True
participant_035,c,12,experiment,23,8,1,unmodified,n,8a,8b,,495.0,415.0,369.0,379.0,389.0,372.0,367.0,2786.0,,944.0,left,A,False
participant_035,c,40,experiment,25,9,1,exhaustive,n,9a,9b,9a,510.0,295.0,440.0,335.0,360.0,802.0,330.0,3072.0,,672.0,left,A,False
participant_035,c,43,experiment,30,10,1,contrastive,y,10b,10a,10b,465.0,311.0,322.0,388.0,334.0,497.0,316.0,2633.0,,737.0,right,A,True
participant_035,c,22,experiment,32,11,1,unmodified,y,11b,11a,,580.0,283.0,351.0,394.0,376.0,563.0,445.0,2992.0,,913.0,right,A,False
participant_035,c,10,experiment,34,12,1,exhaustive,y,12b,12a,12a,485.0,452.0,560.0,592.0,425.0,639.0,569.0,3722.0,,780.0,right,A,False
participant_035,c,20,experiment,39,13,1,contrastive,n,13a,13b,13b,421.0,334.0,280.0,504.0,385.0,472.0,756.0,3152.0,,1448.0,left,A,True
participant_035,c,29,experiment,41,14,1,unmodified,n,14a,14b,,439.0,287.0,222.0,498.0,368.0,298.0,610.0,2722.0,,2779.0,left,A,False
participant_035,c,15,experiment,43,15,1,exhaustive,n,15a,15b,15a,493.0,351.0,398.0,392.0,304.0,617.0,374.0,2929.0,,821.0,left,A,False
participant_035,c,25,experiment,48,16,1,contrastive,y,16b,16a,16b,495.0,277.0,243.0,425.0,344.0,331.0,427.0,2542.0,,3724.0,right,A,True
participant_035,c,24,experiment,50,17,1,unmodified,y,17b,17a,,329.0,246.0,479.0,556.0,409.0,466.0,471.0,2956.0,,697.0,right,A,False
participant_035,c,38,experiment,52,18,1,exhaustive,y,18b,18a,18a,349.0,284.0,409.0,335.0,344.0,293.0,324.0,2338.0,,753.0,right,A,False
participant_036,a,36,experiment,1,1,1,exhaustive,n,1a,1b,1a,401.0,342.0,457.0,399.0,351.0,226.0,369.0,2545.0,,780.0,left,A,False
participant_036,a,50,experiment,6,2,1,contrastive,y,2b,2a,2b,313.0,273.0,258.0,293.0,371.0,309.0,259.0,2076.0,,1078.0,left,B,False
participant_036,a,18,experiment,8,3,1,unmodified,y,3b,3a,,402.0,276.0,247.0,324.0,349.0,295.0,523.0,2416.0,,1269.0,right,A,False
participant_036,a,43,experiment,10,4,1,exhaustive,y,4b,4a,4a,570.0,235.0,405.0,357.0,381.0,304.0,462.0,2714.0,,929.0,right,A,False
participant_036,a,10,experiment,15,5,1,contrastive,n,5a,5b,5b,303.0,265.0,261.0,311.0,429.0,394.0,576.0,2539.0,,2366.0,left,A,True
participant_036,a,13,experiment,17,6,1,unmodified,n,6a,6b,,368.0,324.0,356.0,324.0,338.0,362.0,328.0,2400.0,,613.0,left,A,False
participant_036,a,49,experiment,19,7,1,exhaustive,n,7a,7b,7a,573.0,271.0,340.0,314.0,272.0,498.0,275.0,2543.0,,1724.0,left,A,False
participant_036,a,47,experiment,24,8,1,contrastive,y,8b,8a,8b,380.0,394.0,367.0,335.0,334.0,337.0,322.0,2469.0,,912.0,left,B,False
participant_036,a,35,experiment,26,9,1,unmodified,y,9b,9a,,324.0,299.0,276.0,249.0,388.0,307.0,346.0,2189.0,,733.0,right,A,False
participant_036,a,45,experiment,28,10,1,exhaustive,y,10b,10a,10a,317.0,283.0,412.0,290.0,414.0,345.0,353.0,2414.0,,559.0,right,A,False
participant_036,a,42,experiment,33,11,1,contrastive,n,11a,11b,11b,477.0,272.0,226.0,419.0,358.0,314.0,505.0,2571.0,,760.0,left,A,True
participant_036,a,27,experiment,35,12,1,unmodified,n,12a,12b,,458.0,339.0,328.0,340.0,617.0,553.0,1988.0,4623.0,,431.0,left,A,False
participant_036,a,38,experiment,37,13,1,exhaustive,n,13a,13b,13a,295.0,290.0,288.0,273.0,314.0,443.0,445.0,2348.0,,682.0,left,A,False
participant_036,a,31,experiment,42,14,1,contrastive,y,14b,14a,14b,422.0,305.0,712.0,454.0,320.0,344.0,461.0,3018.0,,7449.0,left,B,False
participant_036,a,29,experiment,44,15,1,unmodified,y,15b,15a,,362.0,314.0,212.0,436.0,285.0,386.0,449.0,2444.0,,943.0,right,A,False
participant_036,a,40,experiment,46,16,1,exhaustive,y,16b,16a,16a,351.0,314.0,280.0,263.0,350.0,362.0,302.0,2222.0,,876.0,right,A,False
participant_036,a,34,experiment,51,17,1,contrastive,n,17a,17b,17b,340.0,611.0,300.0,521.0,377.0,417.0,272.0,2838.0,,733.0,left,A,True
participant_036,a,21,experiment,53,18,1,unmodified,n,18a,18b,,414.0,275.0,289.0,275.0,474.0,353.0,388.0,2468.0,,1030.0,left,A,False
participant_037,c,33,experiment,3,1,1,contrastive,n,1a,1b,1b,614.0,426.0,449.0,501.0,667.0,449.0,412.0,3518.0,,1234.0,right,B,False
participant_037,c,36,experiment,5,2,1,unmodified,n,2a,2b,,553.0,596.0,1006.0,832.0,482.0,1251.0,585.0,5305.0,,780.0,left,A,False
participant_037,c,34,experiment,7,3,1,exhaustive,n,3a,3b,3a,655.0,544.0,420.0,534.0,452.0,567.0,469.0,3641.0,,985.0,left,A,False
participant_037,c,47,experiment,12,4,1,contrastive,y,4b,4a,4b,538.0,534.0,801.0,638.0,484.0,772.0,762.0,4529.0,,1214.0,left,B,False
participant_037,c,27,experiment,14,5,1,unmodified,y,5b,5a,,568.0,585.0,444.0,987.0,477.0,432.0,452.0,3945.0,,1184.0,right,A,False
participant_037,c,17,experiment,16,6,1,exhaustive,y,6b,6a,6a,596.0,582.0,447.0,462.0,482.0,646.0,514.0,3729.0,,1536.0,right,A,False
participant_037,c,49,experiment,21,7,1,contrastive,n,7a,7b,7b,583.0,438.0,473.0,513.0,421.0,584.0,432.0,3444.0,,872.0,right,B,False
participant_037,c,12,experiment,23,8,1,unmodified,n,8a,8b,,465.0,472.0,419.0,376.0,464.0,469.0,417.0,3082.0,,782.0,left,A,False
participant_037,c,40,experiment,25,9,1,exhaustive,n,9a,9b,9a,1093.0,680.0,408.0,611.0,470.0,576.0,494.0,4332.0,,1182.0,left,A,False
participant_037,c,43,experiment,30,10,1,contrastive,y,10b,10a,10b,449.0,526.0,615.0,623.0,474.0,468.0,494.0,3649.0,,1087.0,left,B,False
participant_037,c,22,experiment,32,11,1,unmodified,y,11b,11a,,539.0,515.0,435.0,396.0,465.0,893.0,673.0,3916.0,,856.0,right,A,False
participant_037,c,10,experiment,34,12,1,exhaustive,y,12b,12a,12a,639.0,1776.0,642.0,774.0,732.0,973.0,830.0,6366.0,,600.0,right,A,False
participant_037,c,20,experiment,39,13,1,contrastive,n,13a,13b,13b,745.0,710.0,803.0,1027.0,869.0,1042.0,828.0,6024.0,,807.0,right,B,False
participant_037,c,29,experiment,41,14,1,unmodified,n,14a,14b,,484.0,390.0,370.0,534.0,459.0,578.0,641.0,3456.0,,2969.0,left,A,False
participant_037,c,15,experiment,43,15,1,exhaustive,n,15a,15b,15a,931.0,1031.0,512.0,652.0,522.0,704.0,640.0,4992.0,,861.0,left,A,False
participant_037,c,25,experiment,48,16,1,contrastive,y,16b,16a,16b,643.0,459.0,483.0,503.0,453.0,371.0,375.0,3287.0,,1030.0,left,B,False
participant_037,c,24,experiment,50,17,1,unmodified,y,17b,17a,,591.0,1434.0,1310.0,1520.0,841.0,867.0,1443.0,8006.0,,1163.0,right,A,False
participant_037,c,38,experiment,52,18,1,exhaustive,y,18b,18a,18a,524.0,972.0,1020.0,582.0,422.0,481.0,774.0,4775.0,,1056.0,right,A,False
participant_038,b,34,experiment,2,1,1,unmodified,y,1b,1a,,252.0,449.0,329.0,234.0,349.0,271.0,329.0,2213.0,,439.0,right,A,False
participant_038,b,26,experiment,4,2,1,exhaustive,y,2b,2a,2a,363.0,435.0,466.0,354.0,417.0,398.0,384.0,2817.0,,765.0,right,A,False
participant_038,b,49,experiment,9,3,1,contrastive,n,3a,3b,3b,249.0,323.0,245.0,400.0,332.0,273.0,297.0,2119.0,,546.0,right,B,False
participant_038,b,25,experiment,11,4,1,unmodified,n,4a,4b,,274.0,608.0,343.0,336.0,305.0,326.0,279.0,2471.0,,515.0,left,A,False
participant_038,b,13,experiment,13,5,1,exhaustive,n,5a,5b,5a,401.0,440.0,441.0,423.0,394.0,379.0,406.0,2884.0,,1747.0,left,A,False
participant_038,b,15,experiment,18,6,1,contrastive,y,6b,6a,6b,418.0,333.0,304.0,330.0,336.0,569.0,331.0,2621.0,,1111.0,left,B,False
participant_038,b,37,experiment,20,7,1,unmodified,y,7b,7a,,323.0,297.0,252.0,261.0,269.0,264.0,269.0,1935.0,,687.0,right,A,False
participant_038,b,17,experiment,22,8,1,exhaustive,y,8b,8a,8a,403.0,449.0,372.0,342.0,339.0,364.0,346.0,2615.0,,544.0,right,A,False
participant_038,b,12,experiment,27,9,1,contrastive,n,9a,9b,9b,425.0,377.0,350.0,414.0,394.0,356.0,366.0,2682.0,,2782.0,right,B,False
participant_038,b,21,experiment,29,10,1,unmodified,n,10a,10b,,322.0,268.0,1067.0,407.0,375.0,403.0,419.0,3261.0,,1044.0,left,A,False
participant_038,b,39,experiment,31,11,1,exhaustive,n,11a,11b,11a,283.0,294.0,351.0,287.0,252.0,265.0,284.0,2016.0,,1643.0,left,A,False
participant_038,b,41,experiment,36,12,1,contrastive,y,12b,12a,12b,276.0,1084.0,451.0,398.0,436.0,398.0,342.0,3385.0,,491.0,left,B,False
participant_038,b,14,experiment,38,13,1,unmodified,y,13b,13a,,371.0,401.0,364.0,379.0,371.0,393.0,534.0,2813.0,,965.0,right,A,False
participant_038,b,29,experiment,40,14,1,exhaustive,y,14b,14a,14a,210.0,380.0,348.0,263.0,326.0,423.0,287.0,2237.0,,1101.0,right,A,False
participant_038,b,46,experiment,45,15,1,contrastive,n,15a,15b,15b,528.0,468.0,558.0,510.0,336.0,348.0,315.0,3063.0,,883.0,right,B,False
participant_038,b,18,experiment,47,16,1,unmodified,n,16a,16b,,340.0,359.0,298.0,293.0,314.0,332.0,348.0,2284.0,,988.0,left,A,False
participant_038,b,23,experiment,49,17,1,exhaustive,n,17a,17b,17a,368.0,349.0,285.0,551.0,381.0,332.0,387.0,2653.0,,2484.0,left,A,False
participant_038,b,43,experiment,54,18,1,contrastive,y,18b,18a,18b,450.0,348.0,322.0,301.0,311.0,284.0,304.0,2320.0,,526.0,left,B,False
participant_039,c,33,experiment,3,1,1,contrastive,n,1a,1b,1b,478.0,243.0,272.0,367.0,270.0,340.0,351.0,2321.0,,515.0,right,B,False
participant_039,c,36,experiment,5,2,1,unmodified,n,2a,2b,,556.0,206.0,263.0,293.0,303.0,564.0,350.0,2535.0,,480.0,left,A,False
participant_039,c,34,experiment,7,3,1,exhaustive,n,3a,3b,3a,349.0,271.0,214.0,349.0,374.0,677.0,448.0,2682.0,,786.0,left,A,False
participant_039,c,47,experiment,12,4,1,contrastive,y,4b,4a,4b,457.0,178.0,337.0,404.0,411.0,369.0,381.0,2537.0,,544.0,left,B,False
participant_039,c,27,experiment,14,5,1,unmodified,y,5b,5a,,346.0,321.0,332.0,315.0,327.0,321.0,347.0,2309.0,,799.0,right,A,False
participant_039,c,17,experiment,16,6,1,exhaustive,y,6b,6a,6a,444.0,300.0,335.0,369.0,351.0,394.0,389.0,2582.0,,693.0,right,A,False
participant_039,c,49,experiment,21,7,1,contrastive,n,7a,7b,7b,277.0,279.0,311.0,317.0,301.0,419.0,363.0,2267.0,,505.0,right,B,False
participant_039,c,12,experiment,23,8,1,unmodified,n,8a,8b,,606.0,415.0,492.0,373.0,433.0,398.0,449.0,3166.0,,1020.0,left,A,False
participant_039,c,40,experiment,25,9,1,exhaustive,n,9a,9b,9a,280.0,252.0,257.0,299.0,292.0,325.0,325.0,2030.0,,666.0,left,A,False
participant_039,c,43,experiment,30,10,1,contrastive,y,10b,10a,10b,366.0,299.0,364.0,287.0,315.0,324.0,467.0,2422.0,,609.0,left,B,False
participant_039,c,22,experiment,32,11,1,unmodified,y,11b,11a,,420.0,310.0,301.0,355.0,364.0,446.0,640.0,2836.0,,826.0,right,A,False
participant_039,c,10,experiment,34,12,1,exhaustive,y,12b,12a,12a,489.0,400.0,494.0,388.0,469.0,710.0,596.0,3546.0,,2051.0,right,A,False
participant_039,c,20,experiment,39,13,1,contrastive,n,13a,13b,13b,295.0,306.0,325.0,343.0,375.0,386.0,919.0,2949.0,,1343.0,left,A,True
participant_039,c,29,experiment,41,14,1,unmodified,n,14a,14b,,321.0,266.0,368.0,216.0,420.0,331.0,598.0,2520.0,,3033.0,left,A,False
participant_039,c,15,experiment,43,15,1,exhaustive,n,15a,15b,15a,516.0,384.0,300.0,300.0,373.0,443.0,387.0,2703.0,,634.0,left,A,False
participant_039,c,25,experiment,48,16,1,contrastive,y,16b,16a,16b,293.0,320.0,315.0,321.0,312.0,364.0,587.0,2512.0,,2800.0,left,B,False
participant_039,c,24,experiment,50,17,1,unmodified,y,17b,17a,,337.0,382.0,306.0,366.0,382.0,565.0,453.0,2791.0,,1276.0,right,A,False
participant_039,c,38,experiment,52,18,1,exhaustive,y,18b,18a,18a,317.0,271.0,277.0,322.0,353.0,314.0,350.0,2204.0,,699.0,left,B,True
participant_040,c,33,experiment,3,1,1,contrastive,n,1a,1b,1b,513.0,426.0,367.0,398.0,379.0,399.0,412.0,2894.0,,1113.0,left,A,True
participant_040,c,36,experiment,5,2,1,unmodified,n,2a,2b,,412.0,420.0,365.0,355.0,397.0,354.0,379.0,2682.0,,1017.0,left,A,False
participant_040,c,34,experiment,7,3,1,exhaustive,n,3a,3b,3a,400.0,366.0,339.0,391.0,368.0,370.0,429.0,2663.0,,1360.0,left,A,False
participant_040,c,47,experiment,12,4,1,contrastive,y,4b,4a,4b,410.0,392.0,370.0,393.0,386.0,451.0,453.0,2855.0,,952.0,right,A,True
participant_040,c,27,experiment,14,5,1,unmodified,y,5b,5a,,422.0,379.0,411.0,434.0,453.0,405.0,542.0,3046.0,,894.0,right,A,False
participant_040,c,17,experiment,16,6,1,exhaustive,y,6b,6a,6a,537.0,439.0,494.0,494.0,448.0,487.0,491.0,3390.0,,866.0,right,A,False
participant_040,c,49,experiment,21,7,1,contrastive,n,7a,7b,7b,426.0,395.0,348.0,352.0,352.0,372.0,409.0,2654.0,,1746.0,left,A,True
participant_040,c,12,experiment,23,8,1,unmodified,n,8a,8b,,535.0,526.0,607.0,602.0,536.0,537.0,534.0,3877.0,,1259.0,left,A,False
participant_040,c,40,experiment,25,9,1,exhaustive,n,9a,9b,9a,445.0,263.0,296.0,334.0,306.0,322.0,385.0,2351.0,,1062.0,left,A,False
participant_040,c,43,experiment,30,10,1,contrastive,y,10b,10a,10b,420.0,378.0,407.0,349.0,338.0,395.0,397.0,2684.0,,1005.0,right,A,True
participant_040,c,22,experiment,32,11,1,unmodified,y,11b,11a,,519.0,485.0,492.0,499.0,476.0,445.0,505.0,3421.0,,1084.0,right,A,False
participant_040,c,10,experiment,34,12,1,exhaustive,y,12b,12a,12a,563.0,555.0,527.0,577.0,566.0,686.0,697.0,4171.0,,991.0,right,A,False
participant_040,c,20,experiment,39,13,1,contrastive,n,13a,13b,13b,445.0,477.0,443.0,491.0,501.0,474.0,507.0,3338.0,,1430.0,left,A,True
participant_040,c,29,experiment,41,14,1,unmodified,n,14a,14b,,412.0,394.0,385.0,369.0,394.0,378.0,455.0,2787.0,,3765.0,left,A,False
participant_040,c,15,experiment,43,15,1,exhaustive,n,15a,15b,15a,570.0,496.0,559.0,523.0,492.0,574.0,953.0,4167.0,,1789.0,left,A,False
participant_040,c,25,experiment,48,16,1,contrastive,y,16b,16a,16b,371.0,370.0,374.0,370.0,393.0,370.0,427.0,2675.0,,1119.0,right,A,True
participant_040,c,24,experiment,50,17,1,unmodified,y,17b,17a,,463.0,391.0,422.0,397.0,431.0,415.0,450.0,2969.0,,1505.0,right,A,False
participant_040,c,38,experiment,52,18,1,exhaustive,y,18b,18a,18a,361.0,384.0,354.0,344.0,366.0,352.0,392.0,2553.0,,1174.0,right,A,False
participant_041,b,34,experiment,2,1,1,unmodified,y,1b,1a,,601.0,470.0,416.0,616.0,586.0,436.0,371.0,3496.0,,842.0,right,A,False
participant_041,b,26,experiment,4,2,1,exhaustive,y,2b,2a,2a,479.0,476.0,488.0,588.0,497.0,586.0,1028.0,4142.0,,938.0,right,A,False
participant_041,b,49,experiment,9,3,1,contrastive,n,3a,3b,3b,510.0,441.0,470.0,451.0,490.0,801.0,935.0,4098.0,,1654.0,right,B,False
participant_041,b,25,experiment,11,4,1,unmodified,n,4a,4b,,411.0,597.0,410.0,624.0,413.0,692.0,335.0,3482.0,,1190.0,left,A,False
participant_041,b,13,experiment,13,5,1,exhaustive,n,5a,5b,5a,475.0,762.0,639.0,588.0,501.0,606.0,667.0,4238.0,,7110.0,right,B,True
participant_041,b,15,experiment,18,6,1,contrastive,y,6b,6a,6b,653.0,614.0,678.0,661.0,601.0,686.0,547.0,4440.0,,1355.0,right,A,True
participant_041,b,37,experiment,20,7,1,unmodified,y,7b,7a,,435.0,434.0,423.0,452.0,395.0,430.0,1795.0,4364.0,,3109.0,right,A,False
participant_041,b,17,experiment,22,8,1,exhaustive,y,8b,8a,8a,719.0,823.0,612.0,640.0,556.0,585.0,679.0,4614.0,,1083.0,right,A,False
participant_041,b,12,experiment,27,9,1,contrastive,n,9a,9b,9b,700.0,759.0,792.0,687.0,571.0,619.0,676.0,4804.0,,1434.0,left,A,True
participant_041,b,21,experiment,29,10,1,unmodified,n,10a,10b,,593.0,1231.0,703.0,486.0,429.0,646.0,506.0,4594.0,,1261.0,left,A,False
participant_041,b,39,experiment,31,11,1,exhaustive,n,11a,11b,11a,480.0,406.0,377.0,931.0,367.0,597.0,570.0,3728.0,,1184.0,left,A,False
participant_041,b,41,experiment,36,12,1,contrastive,y,12b,12a,12b,811.0,613.0,517.0,536.0,462.0,742.0,610.0,4291.0,,3537.0,left,B,False
participant_041,b,14,experiment,38,13,1,unmodified,y,13b,13a,,527.0,530.0,498.0,586.0,565.0,792.0,559.0,4057.0,,1407.0,right,A,False
participant_041,b,29,experiment,40,14,1,exhaustive,y,14b,14a,14a,435.0,506.0,488.0,551.0,463.0,647.0,1253.0,4343.0,,2104.0,right,A,False
participant_041,b,46,experiment,45,15,1,contrastive,n,15a,15b,15b,396.0,483.0,475.0,457.0,449.0,767.0,956.0,3983.0,,2713.0,left,A,True
participant_041,b,18,experiment,47,16,1,unmodified,n,16a,16b,,527.0,621.0,574.0,541.0,517.0,692.0,1191.0,4663.0,,1621.0,left,A,False
participant_041,b,23,experiment,49,17,1,exhaustive,n,17a,17b,17a,419.0,524.0,465.0,712.0,492.0,743.0,977.0,4332.0,,1240.0,left,A,False
participant_041,b,43,experiment,54,18,1,contrastive,y,18b,18a,18b,401.0,366.0,479.0,369.0,366.0,1108.0,1072.0,4161.0,,1424.0,left,B,False
participant_042,b,34,experiment,2,1,1,unmodified,y,1b,1a,,500.0,245.0,246.0,309.0,290.0,350.0,397.0,2337.0,,1302.0,right,A,False
participant_042,b,26,experiment,4,2,1,exhaustive,y,2b,2a,2a,447.0,312.0,349.0,398.0,376.0,388.0,448.0,2718.0,,1585.0,right,A,False
participant_042,b,49,experiment,9,3,1,contrastive,n,3a,3b,3b,313.0,258.0,236.0,229.0,268.0,317.0,328.0,1949.0,,1110.0,right,B,False
participant_042,b,25,experiment,11,4,1,unmodified,n,4a,4b,,416.0,255.0,335.0,349.0,348.0,388.0,447.0,2538.0,,1275.0,left,A,False
participant_042,b,13,experiment,13,5,1,exhaustive,n,5a,5b,5a,636.0,409.0,384.0,391.0,363.0,419.0,513.0,3115.0,,1641.0,left,A,False
participant_042,b,15,experiment,18,6,1,contrastive,y,6b,6a,6b,491.0,357.0,361.0,385.0,393.0,446.0,580.0,3013.0,,1176.0,left,B,False
participant_042,b,37,experiment,20,7,1,unmodified,y,7b,7a,,369.0,247.0,289.0,345.0,321.0,387.0,391.0,2349.0,,1230.0,right,A,False
participant_042,b,17,experiment,22,8,1,exhaustive,y,8b,8a,8a,461.0,312.0,352.0,363.0,423.0,424.0,521.0,2856.0,,1164.0,right,A,False
participant_042,b,12,experiment,27,9,1,contrastive,n,9a,9b,9b,612.0,482.0,346.0,438.0,395.0,628.0,556.0,3457.0,,1467.0,right,B,False
participant_042,b,21,experiment,29,10,1,unmodified,n,10a,10b,,495.0,269.0,440.0,388.0,402.0,365.0,457.0,2816.0,,1447.0,left,A,False
participant_042,b,39,experiment,31,11,1,exhaustive,n,11a,11b,11a,434.0,282.0,252.0,298.0,359.0,328.0,361.0,2314.0,,1300.0,left,A,False
participant_042,b,41,experiment,36,12,1,contrastive,y,12b,12a,12b,443.0,403.0,425.0,398.0,362.0,369.0,440.0,2840.0,,1020.0,left,B,False
participant_042,b,14,experiment,38,13,1,unmodified,y,13b,13a,,619.0,414.0,390.0,408.0,392.0,433.0,523.0,3179.0,,1388.0,right,A,False
participant_042,b,29,experiment,40,14,1,exhaustive,y,14b,14a,14a,479.0,301.0,332.0,383.0,368.0,439.0,567.0,2869.0,,1971.0,right,A,False
participant_042,b,46,experiment,45,15,1,contrastive,n,15a,15b,15b,305.0,243.0,243.0,247.0,345.0,340.0,359.0,2082.0,,1697.0,right,B,False
participant_042,b,18,experiment,47,16,1,unmodified,n,16a,16b,,500.0,315.0,366.0,366.0,351.0,435.0,429.0,2762.0,,1142.0,left,A,False
participant_042,b,23,experiment,49,17,1,exhaustive,n,17a,17b,17a,531.0,359.0,388.0,391.0,411.0,408.0,479.0,2967.0,,1111.0,left,A,False
participant_042,b,43,experiment,54,18,1,contrastive,y,18b,18a,18b,417.0,342.0,321.0,352.0,355.0,383.0,410.0,2580.0,,1021.0,left,B,False
participant_043,c,33,experiment,3,1,1,contrastive,n,1a,1b,1b,438.0,238.0,182.0,200.0,288.0,373.0,333.0,2052.0,,1035.0,right,B,False
participant_043,c,36,experiment,5,2,1,unmodified,n,2a,2b,,376.0,213.0,173.0,184.0,215.0,339.0,389.0,1889.0,,911.0,left,A,False
participant_043,c,34,experiment,7,3,1,exhaustive,n,3a,3b,3a,389.0,291.0,207.0,340.0,281.0,202.0,187.0,1897.0,,725.0,left,A,False
participant_043,c,47,experiment,12,4,1,contrastive,y,4b,4a,4b,363.0,198.0,206.0,246.0,302.0,323.0,405.0,2043.0,,976.0,left,B,False
participant_043,c,27,experiment,14,5,1,unmodified,y,5b,5a,,435.0,212.0,198.0,188.0,198.0,226.0,410.0,1867.0,,1121.0,right,A,False
participant_043,c,17,experiment,16,6,1,exhaustive,y,6b,6a,6a,411.0,180.0,197.0,191.0,209.0,363.0,371.0,1922.0,,1165.0,right,A,False
participant_043,c,49,experiment,21,7,1,contrastive,n,7a,7b,7b,337.0,245.0,235.0,557.0,352.0,235.0,260.0,2221.0,,1089.0,right,B,False
participant_043,c,12,experiment,23,8,1,unmodified,n,8a,8b,,407.0,188.0,170.0,249.0,325.0,363.0,439.0,2141.0,,1087.0,left,A,False
participant_043,c,40,experiment,25,9,1,exhaustive,n,9a,9b,9a,390.0,204.0,177.0,190.0,212.0,337.0,331.0,1841.0,,808.0,left,A,False
participant_043,c,43,experiment,30,10,1,contrastive,y,10b,10a,10b,400.0,196.0,427.0,365.0,219.0,206.0,320.0,2133.0,,1021.0,left,B,False
participant_043,c,22,experiment,32,11,1,unmodified,y,11b,11a,,470.0,339.0,463.0,361.0,379.0,393.0,397.0,2802.0,,972.0,right,A,False
participant_043,c,10,experiment,34,12,1,exhaustive,y,12b,12a,12a,496.0,227.0,299.0,324.0,321.0,343.0,363.0,2373.0,,1322.0,right,A,False
participant_043,c,20,experiment,39,13,1,contrastive,n,13a,13b,13b,356.0,176.0,188.0,188.0,209.0,239.0,343.0,1699.0,,1056.0,right,B,False
participant_043,c,29,experiment,41,14,1,unmodified,n,14a,14b,,578.0,218.0,187.0,241.0,236.0,304.0,349.0,2113.0,,1350.0,left,A,False
participant_043,c,15,experiment,43,15,1,exhaustive,n,15a,15b,15a,394.0,216.0,198.0,186.0,208.0,365.0,408.0,1975.0,,1834.0,left,A,False
participant_043,c,25,experiment,48,16,1,contrastive,y,16b,16a,16b,404.0,195.0,391.0,348.0,318.0,290.0,316.0,2262.0,,1019.0,left,B,False
participant_043,c,24,experiment,50,17,1,unmodified,y,17b,17a,,413.0,267.0,381.0,288.0,184.0,201.0,382.0,2116.0,,1284.0,right,A,False
participant_043,c,38,experiment,52,18,1,exhaustive,y,18b,18a,18a,214.0,391.0,175.0,187.0,220.0,349.0,436.0,1972.0,,1042.0,right,A,False
participant_044,a,36,experiment,1,1,1,exhaustive,n,1a,1b,1a,233.0,210.0,226.0,243.0,390.0,238.0,199.0,1739.0,,1628.0,left,A,False
participant_044,a,50,experiment,6,2,1,contrastive,y,2b,2a,2b,285.0,188.0,242.0,329.0,249.0,256.0,245.0,1794.0,,1621.0,left,B,False
participant_044,a,18,experiment,8,3,1,unmodified,y,3b,3a,,334.0,241.0,249.0,258.0,226.0,234.0,185.0,1727.0,,2432.0,right,A,False
participant_044,a,43,experiment,10,4,1,exhaustive,y,4b,4a,4a,261.0,196.0,214.0,193.0,236.0,186.0,241.0,1527.0,,1313.0,right,A,False
participant_044,a,10,experiment,15,5,1,contrastive,n,5a,5b,5b,412.0,345.0,345.0,298.0,354.0,276.0,273.0,2303.0,,1619.0,left,A,True
participant_044,a,13,experiment,17,6,1,unmodified,n,6a,6b,,216.0,447.0,203.0,203.0,217.0,684.0,286.0,2256.0,,1357.0,left,A,False
participant_044,a,49,experiment,19,7,1,exhaustive,n,7a,7b,7a,1020.0,244.0,222.0,156.0,246.0,212.0,198.0,2298.0,,1671.0,left,A,False
participant_044,a,47,experiment,24,8,1,contrastive,y,8b,8a,8b,252.0,269.0,245.0,260.0,232.0,238.0,235.0,1731.0,,1707.0,left,B,False
participant_044,a,35,experiment,26,9,1,unmodified,y,9b,9a,,234.0,254.0,219.0,193.0,227.0,216.0,238.0,1581.0,,1040.0,left,B,False
participant_044,a,45,experiment,28,10,1,exhaustive,y,10b,10a,10a,294.0,258.0,179.0,230.0,246.0,200.0,242.0,1649.0,,1704.0,right,A,False
participant_044,a,42,experiment,33,11,1,contrastive,n,11a,11b,11b,282.0,221.0,270.0,225.0,228.0,214.0,221.0,1661.0,,1019.0,right,B,False
participant_044,a,27,experiment,35,12,1,unmodified,n,12a,12b,,350.0,326.0,476.0,222.0,242.0,246.0,200.0,2062.0,,1761.0,left,A,False
participant_044,a,38,experiment,37,13,1,exhaustive,n,13a,13b,13a,238.0,247.0,254.0,444.0,202.0,206.0,174.0,1765.0,,2639.0,left,A,False
participant_044,a,31,experiment,42,14,1,contrastive,y,14b,14a,14b,292.0,277.0,221.0,446.0,226.0,220.0,187.0,1869.0,,6610.0,left,B,False
participant_044,a,29,experiment,44,15,1,unmodified,y,15b,15a,,368.0,540.0,272.0,242.0,262.0,309.0,268.0,2261.0,,2018.0,right,A,False
participant_044,a,40,experiment,46,16,1,exhaustive,y,16b,16a,16a,347.0,284.0,242.0,276.0,211.0,294.0,269.0,1923.0,,1671.0,right,A,False
participant_044,a,34,experiment,51,17,1,contrastive,n,17a,17b,17b,326.0,278.0,228.0,250.0,240.0,253.0,224.0,1799.0,,2073.0,right,B,False
participant_044,a,21,experiment,53,18,1,unmodified,n,18a,18b,,286.0,211.0,235.0,206.0,486.0,231.0,234.0,1889.0,,2956.0,left,A,False
participant_045,a,36,experiment,1,1,1,exhaustive,n,1a,1b,1a,435.0,458.0,445.0,424.0,395.0,579.0,410.0,3146.0,,925.0,left,A,False
participant_045,a,50,experiment,6,2,1,contrastive,y,2b,2a,2b,499.0,436.0,382.0,390.0,383.0,523.0,530.0,3143.0,,1683.0,left,B,False
participant_045,a,18,experiment,8,3,1,unmodified,y,3b,3a,,463.0,590.0,508.0,699.0,516.0,880.0,617.0,4273.0,,1215.0,right,A,False
participant_045,a,43,experiment,10,4,1,exhaustive,y,4b,4a,4a,464.0,680.0,448.0,536.0,472.0,606.0,1688.0,4894.0,,3163.0,right,A,False
participant_045,a,10,experiment,15,5,1,contrastive,n,5a,5b,5b,527.0,640.0,570.0,606.0,709.0,779.0,816.0,4647.0,,1498.0,left,A,True
participant_045,a,13,experiment,17,6,1,unmodified,n,6a,6b,,465.0,648.0,720.0,1133.0,674.0,881.0,536.0,5057.0,,1384.0,left,A,False
participant_045,a,49,experiment,19,7,1,exhaustive,n,7a,7b,7a,487.0,404.0,373.0,360.0,383.0,434.0,367.0,2808.0,,1397.0,right,B,True
participant_045,a,47,experiment,24,8,1,contrastive,y,8b,8a,8b,440.0,408.0,352.0,368.0,336.0,368.0,376.0,2648.0,,2608.0,right,A,True
participant_045,a,35,experiment,26,9,1,unmodified,y,9b,9a,,480.0,518.0,499.0,616.0,488.0,535.0,610.0,3746.0,,1083.0,right,A,False
participant_045,a,45,experiment,28,10,1,exhaustive,y,10b,10a,10a,823.0,678.0,581.0,515.0,496.0,592.0,2443.0,6128.0,,1662.0,right,A,False
participant_045,a,42,experiment,33,11,1,contrastive,n,11a,11b,11b,590.0,570.0,614.0,509.0,539.0,1016.0,2832.0,6670.0,,1270.1924300254452,left,A,True
participant_045,a,27,experiment,35,12,1,unmodified,n,12a,12b,,493.0,660.0,626.0,897.0,1179.0,583.0,466.0,4904.0,,916.0,left,A,False
participant_045,a,38,experiment,37,13,1,exhaustive,n,13a,13b,13a,503.0,522.0,526.0,504.0,718.0,1168.0,583.0,4524.0,,1270.1924300254452,left,A,False
participant_045,a,31,experiment,42,14,1,contrastive,y,14b,14a,14b,478.0,458.0,498.0,408.0,447.0,591.0,480.0,3360.0,,4217.0,left,B,False
participant_045,a,29,experiment,44,15,1,unmodified,y,15b,15a,,449.0,498.0,427.0,479.0,515.0,543.0,487.0,3398.0,,1183.0,right,A,False
participant_045,a,40,experiment,46,16,1,exhaustive,y,16b,16a,16a,537.0,575.0,659.0,629.0,523.0,653.0,612.0,4188.0,,1270.1924300254452,left,B,True
participant_045,a,34,experiment,51,17,1,contrastive,n,17a,17b,17b,749.0,698.0,706.0,572.0,1748.0,572.0,587.0,5632.0,,1096.0,left,A,True
participant_045,a,21,experiment,53,18,1,unmodified,n,18a,18b,,479.0,488.0,585.0,577.0,538.0,601.0,619.0,3887.0,,1491.0,left,A,False
participant_046,c,33,experiment,3,1,1,contrastive,n,1a,1b,1b,327.0,394.0,342.0,498.0,496.0,293.0,413.0,2763.0,,468.0,left,A,True
participant_046,c,36,experiment,5,2,1,unmodified,n,2a,2b,,476.0,312.0,303.0,310.0,265.0,289.0,395.0,2350.0,,519.0,left,A,False
participant_046,c,34,experiment,7,3,1,exhaustive,n,3a,3b,3a,561.0,276.0,633.0,578.0,376.0,241.0,359.0,3024.0,,696.0,left,A,False
participant_046,c,47,experiment,12,4,1,contrastive,y,4b,4a,4b,433.0,354.0,314.0,268.0,316.0,280.0,511.0,2476.0,,557.0,right,A,True
participant_046,c,27,experiment,14,5,1,unmodified,y,5b,5a,,442.0,403.0,356.0,314.0,250.0,287.0,319.0,2371.0,,910.0,right,A,False
participant_046,c,17,experiment,16,6,1,exhaustive,y,6b,6a,6a,488.0,385.0,356.0,362.0,398.0,379.0,440.0,2808.0,,1118.0,right,A,False
participant_046,c,49,experiment,21,7,1,contrastive,n,7a,7b,7b,401.0,250.0,223.0,222.0,212.0,232.0,334.0,1874.0,,461.0,left,A,True
participant_046,c,12,experiment,23,8,1,unmodified,n,8a,8b,,674.0,468.0,506.0,446.0,513.0,556.0,601.0,3764.0,,1867.0,left,A,False
participant_046,c,40,experiment,25,9,1,exhaustive,n,9a,9b,9a,382.0,339.0,298.0,238.0,255.0,225.0,300.0,2037.0,,438.0,left,A,False
participant_046,c,43,experiment,30,10,1,contrastive,y,10b,10a,10b,434.0,318.0,246.0,251.0,277.0,253.0,324.0,2103.0,,480.0,right,A,True
participant_046,c,22,experiment,32,11,1,unmodified,y,11b,11a,,407.0,375.0,313.0,292.0,298.0,312.0,466.0,2463.0,,442.0,right,A,False
participant_046,c,10,experiment,34,12,1,exhaustive,y,12b,12a,12a,426.0,355.0,567.0,356.0,365.0,504.0,498.0,3071.0,,1051.0,right,A,False
participant_046,c,20,experiment,39,13,1,contrastive,n,13a,13b,13b,356.0,433.0,312.0,357.0,321.0,391.0,548.0,2718.0,,843.0,left,A,True
participant_046,c,29,experiment,41,14,1,unmodified,n,14a,14b,,345.0,332.0,235.0,253.0,265.0,326.0,424.0,2180.0,,2943.0,left,A,False
participant_046,c,15,experiment,43,15,1,exhaustive,n,15a,15b,15a,448.0,431.0,392.0,411.0,480.0,466.0,444.0,3072.0,,545.0,left,A,False
participant_046,c,25,experiment,48,16,1,contrastive,y,16b,16a,16b,477.0,412.0,322.0,321.0,320.0,322.0,655.0,2829.0,,1146.0,right,A,True
participant_046,c,24,experiment,50,17,1,unmodified,y,17b,17a,,445.0,433.0,338.0,315.0,301.0,355.0,360.0,2547.0,,915.0,right,A,False
participant_046,c,38,experiment,52,18,1,exhaustive,y,18b,18a,18a,421.0,350.0,295.0,286.0,240.0,296.0,360.0,2248.0,,995.0,right,A,False
participant_047,b,34,experiment,2,1,1,unmodified,y,1b,1a,,500.0,430.0,374.0,368.0,372.0,417.0,407.0,2868.0,,569.0,right,A,False
participant_047,b,26,experiment,4,2,1,exhaustive,y,2b,2a,2a,434.0,475.0,387.0,467.0,456.0,471.0,471.0,3161.0,,681.0,right,A,False
participant_047,b,49,experiment,9,3,1,contrastive,n,3a,3b,3b,524.0,536.0,511.0,400.0,364.0,603.0,550.0,3488.0,,706.0,right,B,False
participant_047,b,25,experiment,11,4,1,unmodified,n,4a,4b,,464.0,719.0,389.0,515.0,443.0,538.0,393.0,3461.0,,683.0,left,A,False
participant_047,b,13,experiment,13,5,1,exhaustive,n,5a,5b,5a,580.0,673.0,508.0,649.0,464.0,609.0,501.0,3984.0,,815.0,left,A,False
participant_047,b,15,experiment,18,6,1,contrastive,y,6b,6a,6b,730.0,492.0,627.0,514.0,502.0,493.0,446.0,3804.0,,864.0,right,A,True
participant_047,b,37,experiment,20,7,1,unmodified,y,7b,7a,,442.0,379.0,404.0,421.0,420.0,391.0,384.0,2841.0,,549.0,right,A,False
participant_047,b,17,experiment,22,8,1,exhaustive,y,8b,8a,8a,561.0,516.0,462.0,423.0,431.0,495.0,821.0,3709.0,,796.0,right,A,False
participant_047,b,12,experiment,27,9,1,contrastive,n,9a,9b,9b,681.0,583.0,514.0,543.0,561.0,548.0,544.0,3974.0,,1115.0,left,A,True
participant_047,b,21,experiment,29,10,1,unmodified,n,10a,10b,,500.0,560.0,560.0,561.0,558.0,561.0,570.0,3870.0,,764.0,left,A,False
participant_047,b,39,experiment,31,11,1,exhaustive,n,11a,11b,11a,497.0,396.0,334.0,364.0,427.0,347.0,457.0,2822.0,,650.0,left,A,False
participant_047,b,41,experiment,36,12,1,contrastive,y,12b,12a,12b,1240.0,467.0,418.0,505.0,430.0,374.0,474.0,3908.0,,456.0,right,A,True
participant_047,b,14,experiment,38,13,1,unmodified,y,13b,13a,,538.0,537.0,441.0,473.0,458.0,523.0,793.0,3763.0,,755.0,right,A,False
participant_047,b,29,experiment,40,14,1,exhaustive,y,14b,14a,14a,488.0,421.0,413.0,435.0,440.0,449.0,750.0,3396.0,,1114.0,right,A,False
participant_047,b,46,experiment,45,15,1,contrastive,n,15a,15b,15b,437.0,418.0,569.0,539.0,526.0,524.0,1581.0,4594.0,,625.0,left,A,True
participant_047,b,18,experiment,47,16,1,unmodified,n,16a,16b,,452.0,502.0,475.0,484.0,500.0,500.0,489.0,3402.0,,788.0,left,A,False
participant_047,b,23,experiment,49,17,1,exhaustive,n,17a,17b,17a,508.0,477.0,415.0,600.0,544.0,457.0,434.0,3435.0,,669.0,left,A,False
participant_047,b,43,experiment,54,18,1,contrastive,y,18b,18a,18b,525.0,499.0,410.0,354.0,416.0,384.0,602.0,3190.0,,564.0,right,A,True
participant_048,b,34,experiment,2,1,1,unmodified,y,1b,1a,,316.0,314.0,282.0,245.0,401.0,427.0,323.0,2308.0,,640.0,right,A,False
participant_048,b,26,experiment,4,2,1,exhaustive,y,2b,2a,2a,1061.0,772.0,552.0,477.0,419.0,422.0,378.0,4081.0,,631.0,right,A,False
participant_048,b,49,experiment,9,3,1,contrastive,n,3a,3b,3b,356.0,392.0,301.0,297.0,316.0,337.0,304.0,2303.0,,673.0,right,B,False
participant_048,b,25,experiment,11,4,1,unmodified,n,4a,4b,,461.0,485.0,401.0,414.0,390.0,417.0,692.0,3260.0,,1012.0,left,A,False
participant_048,b,13,experiment,13,5,1,exhaustive,n,5a,5b,5a,476.0,509.0,432.0,371.0,336.0,351.0,400.0,2875.0,,538.0,left,A,False
participant_048,b,15,experiment,18,6,1,contrastive,y,6b,6a,6b,382.0,400.0,318.0,331.0,317.0,346.0,331.0,2425.0,,760.0,left,B,False
participant_048,b,37,experiment,20,7,1,unmodified,y,7b,7a,,396.0,339.0,293.0,275.0,301.0,298.0,301.0,2203.0,,438.0,right,A,False
participant_048,b,17,experiment,22,8,1,exhaustive,y,8b,8a,8a,428.0,531.0,754.0,764.0,652.0,1128.0,618.0,4875.0,,634.0,right,A,False
participant_048,b,12,experiment,27,9,1,contrastive,n,9a,9b,9b,508.0,893.0,814.0,702.0,808.0,424.0,404.0,4553.0,,1165.0,left,A,True
participant_048,b,21,experiment,29,10,1,unmodified,n,10a,10b,,467.0,406.0,464.0,410.0,378.0,444.0,446.0,3015.0,,849.0,left,A,False
participant_048,b,39,experiment,31,11,1,exhaustive,n,11a,11b,11a,413.0,406.0,359.0,357.0,330.0,314.0,382.0,2561.0,,557.0,left,A,False
participant_048,b,41,experiment,36,12,1,contrastive,y,12b,12a,12b,358.0,602.0,321.0,332.0,305.0,545.0,328.0,2791.0,,500.0,left,B,False
participant_048,b,14,experiment,38,13,1,unmodified,y,13b,13a,,379.0,354.0,307.0,288.0,319.0,296.0,365.0,2308.0,,669.0,right,A,False
participant_048,b,29,experiment,40,14,1,exhaustive,y,14b,14a,14a,354.0,344.0,294.0,303.0,308.0,319.0,602.0,2524.0,,1307.0,right,A,False
participant_048,b,46,experiment,45,15,1,contrastive,n,15a,15b,15b,417.0,369.0,315.0,289.0,337.0,280.0,327.0,2334.0,,692.0,right,B,False
participant_048,b,18,experiment,47,16,1,unmodified,n,16a,16b,,474.0,443.0,387.0,364.0,340.0,364.0,377.0,2749.0,,1055.0,left,A,False
participant_048,b,23,experiment,49,17,1,exhaustive,n,17a,17b,17a,287.0,310.0,329.0,307.0,375.0,370.0,323.0,2301.0,,744.0,left,A,False
participant_048,b,43,experiment,54,18,1,contrastive,y,18b,18a,18b,411.0,391.0,373.0,345.0,387.0,334.0,434.0,2675.0,,626.0,left,B,False
participant_049,b,34,experiment,2,1,1,unmodified,y,1b,1a,,823.0,904.0,465.0,503.0,429.0,526.0,470.0,4120.0,,570.0,right,A,False
participant_049,b,26,experiment,4,2,1,exhaustive,y,2b,2a,2a,446.0,397.0,373.0,690.0,471.0,546.0,473.0,3396.0,,617.0,right,A,False
participant_049,b,49,experiment,9,3,1,contrastive,n,3a,3b,3b,525.0,383.0,452.0,380.0,334.0,492.0,365.0,2931.0,,4065.0,right,B,False
participant_049,b,25,experiment,11,4,1,unmodified,n,4a,4b,,522.0,650.0,398.0,456.0,447.0,489.0,506.0,3468.0,,430.0,left,A,False
participant_049,b,13,experiment,13,5,1,exhaustive,n,5a,5b,5a,746.0,761.0,573.0,546.0,496.0,502.0,532.0,4156.0,,2933.0,right,B,True
participant_049,b,15,experiment,18,6,1,contrastive,y,6b,6a,6b,639.0,606.0,628.0,613.0,485.0,507.0,566.0,4044.0,,2234.0,left,B,False
participant_049,b,37,experiment,20,7,1,unmodified,y,7b,7a,,727.0,522.0,393.0,450.0,432.0,516.0,469.0,3509.0,,595.0,right,A,False
participant_049,b,17,experiment,22,8,1,exhaustive,y,8b,8a,8a,571.0,556.0,431.0,436.0,442.0,477.0,499.0,3412.0,,924.0,right,A,False
participant_049,b,12,experiment,27,9,1,contrastive,n,9a,9b,9b,628.0,599.0,590.0,564.0,471.0,719.0,484.0,4055.0,,2514.0,left,A,True
participant_049,b,21,experiment,29,10,1,unmodified,n,10a,10b,,463.0,523.0,442.0,423.0,410.0,595.0,1011.0,3867.0,,830.0,left,A,False
participant_049,b,39,experiment,31,11,1,exhaustive,n,11a,11b,11a,665.0,437.0,403.0,492.0,507.0,447.0,1051.0,4002.0,,542.0,left,A,False
participant_049,b,41,experiment,36,12,1,contrastive,y,12b,12a,12b,1639.0,934.0,741.0,535.0,395.0,584.0,676.0,5504.0,,1871.0,left,B,False
participant_049,b,14,experiment,38,13,1,unmodified,y,13b,13a,,602.0,672.0,636.0,688.0,594.0,647.0,840.0,4679.0,,5037.0,right,A,False
participant_049,b,29,experiment,40,14,1,exhaustive,y,14b,14a,14a,414.0,463.0,405.0,491.0,436.0,513.0,521.0,3243.0,,7826.0,right,A,False
participant_049,b,46,experiment,45,15,1,contrastive,n,15a,15b,15b,419.0,456.0,420.0,456.0,369.0,362.0,408.0,2890.0,,892.0,right,B,False
participant_049,b,18,experiment,47,16,1,unmodified,n,16a,16b,,534.0,498.0,437.0,570.0,487.0,477.0,1942.0,4945.0,,634.0,left,A,False
participant_049,b,23,experiment,49,17,1,exhaustive,n,17a,17b,17a,504.0,439.0,396.0,465.0,567.0,505.0,503.0,3379.0,,629.0,left,A,False
participant_049,b,43,experiment,54,18,1,contrastive,y,18b,18a,18b,802.0,683.0,723.0,533.0,380.0,407.0,423.0,3951.0,,971.0,left,B,False
participant_050,a,36,experiment,1,1,1,exhaustive,n,1a,1b,1a,329.0,219.0,198.0,356.0,291.0,320.0,377.0,2090.0,,1942.0,left,A,False
participant_050,a,50,experiment,6,2,1,contrastive,y,2b,2a,2b,352.0,176.0,174.0,151.0,380.0,457.0,375.0,2065.0,,1372.0,left,B,False
participant_050,a,18,experiment,8,3,1,unmodified,y,3b,3a,,558.0,418.0,333.0,337.0,426.0,398.0,991.0,3461.0,,988.0,right,A,False
participant_050,a,43,experiment,10,4,1,exhaustive,y,4b,4a,4a,351.0,211.0,147.0,345.0,318.0,368.0,642.0,2382.0,,1210.0,right,A,False
participant_050,a,10,experiment,15,5,1,contrastive,n,5a,5b,5b,717.0,403.0,366.0,374.0,412.0,418.0,486.0,3176.0,,1027.0,left,A,True
participant_050,a,13,experiment,17,6,1,unmodified,n,6a,6b,,463.0,329.0,364.0,419.0,424.0,404.0,571.0,2974.0,,2012.0,left,A,False
participant_050,a,49,experiment,19,7,1,exhaustive,n,7a,7b,7a,354.0,217.0,182.0,164.0,316.0,440.0,317.0,1990.0,,1106.0,left,A,False
participant_050,a,47,experiment,24,8,1,contrastive,y,8b,8a,8b,295.0,205.0,169.0,474.0,381.0,475.0,709.0,2708.0,,1050.0,left,B,False
participant_050,a,35,experiment,26,9,1,unmodified,y,9b,9a,,371.0,357.0,174.0,340.0,319.0,300.0,351.0,2212.0,,1232.0,right,A,False
participant_050,a,45,experiment,28,10,1,exhaustive,y,10b,10a,10a,351.0,247.0,171.0,405.0,256.0,362.0,293.0,2085.0,,1138.0,right,A,False
participant_050,a,42,experiment,33,11,1,contrastive,n,11a,11b,11b,347.0,228.0,206.0,348.0,351.0,432.0,400.0,2312.0,,1303.0,right,B,False
participant_050,a,27,experiment,35,12,1,unmodified,n,12a,12b,,247.0,264.0,233.0,332.0,361.0,487.0,756.0,2680.0,,903.0,left,A,False
participant_050,a,38,experiment,37,13,1,exhaustive,n,13a,13b,13a,552.0,321.0,488.0,352.0,410.0,478.0,446.0,3047.0,,1996.0,left,A,False
participant_050,a,31,experiment,42,14,1,contrastive,y,14b,14a,14b,371.0,229.0,436.0,414.0,336.0,361.0,377.0,2524.0,,2547.0,left,B,False
participant_050,a,29,experiment,44,15,1,unmodified,y,15b,15a,,422.0,232.0,301.0,574.0,365.0,285.0,553.0,2732.0,,1765.0,right,A,False
participant_050,a,40,experiment,46,16,1,exhaustive,y,16b,16a,16a,321.0,233.0,178.0,160.0,395.0,358.0,342.0,1987.0,,932.0,right,A,False
participant_050,a,34,experiment,51,17,1,contrastive,n,17a,17b,17b,392.0,243.0,217.0,421.0,312.0,370.0,380.0,2335.0,,1996.0,right,B,False
participant_050,a,21,experiment,53,18,1,unmodified,n,18a,18b,,415.0,296.0,314.0,383.0,725.0,407.0,381.0,2921.0,,1644.0,left,A,False
participant_051,a,36,experiment,1,1,1,exhaustive,n,1a,1b,1a,544.0,605.0,445.0,432.0,415.0,500.0,514.0,3455.0,,1162.0,left,A,False
participant_051,a,50,experiment,6,2,1,contrastive,y,2b,2a,2b,534.0,446.0,495.0,481.0,423.0,479.0,386.0,3244.0,,810.0,right,A,True
participant_051,a,18,experiment,8,3,1,unmodified,y,3b,3a,,789.0,711.0,603.0,757.0,655.0,911.0,777.0,5203.0,,1764.0,right,A,False
participant_051,a,43,experiment,10,4,1,exhaustive,y,4b,4a,4a,413.0,664.0,445.0,423.0,417.0,393.0,433.0,3188.0,,9396.0,right,A,False
participant_051,a,10,experiment,15,5,1,contrastive,n,5a,5b,5b,896.0,761.0,638.0,671.0,820.0,884.0,779.0,5449.0,,10138.0,right,B,False
participant_051,a,13,experiment,17,6,1,unmodified,n,6a,6b,,664.0,684.0,630.0,558.0,530.0,688.0,566.0,4320.0,,2423.0,left,A,False
participant_051,a,49,experiment,19,7,1,exhaustive,n,7a,7b,7a,546.0,578.0,488.0,454.0,419.0,393.0,500.0,3378.0,,1715.0,left,A,False
participant_051,a,47,experiment,24,8,1,contrastive,y,8b,8a,8b,443.0,384.0,409.0,422.0,418.0,443.0,448.0,2967.0,,1223.0,right,A,True
participant_051,a,35,experiment,26,9,1,unmodified,y,9b,9a,,577.0,477.0,436.0,432.0,522.0,485.0,522.0,3451.0,,1404.0,right,A,False
participant_051,a,45,experiment,28,10,1,exhaustive,y,10b,10a,10a,489.0,1084.0,467.0,431.0,461.0,427.0,461.0,3820.0,,1356.0,right,A,False
participant_051,a,42,experiment,33,11,1,contrastive,n,11a,11b,11b,405.0,525.0,382.0,407.0,386.0,467.0,488.0,3060.0,,1716.0,left,A,True
participant_051,a,27,experiment,35,12,1,unmodified,n,12a,12b,,564.0,439.0,539.0,547.0,681.0,729.0,557.0,4056.0,,1479.0,left,A,False
participant_051,a,38,experiment,37,13,1,exhaustive,n,13a,13b,13a,679.0,435.0,406.0,422.0,446.0,426.0,488.0,3302.0,,2171.0,left,A,False
participant_051,a,31,experiment,42,14,1,contrastive,y,14b,14a,14b,545.0,458.0,645.0,536.0,469.0,795.0,891.0,4339.0,,8419.0,right,A,True
participant_051,a,29,experiment,44,15,1,unmodified,y,15b,15a,,490.0,512.0,518.0,459.0,507.0,516.0,630.0,3632.0,,1891.0,right,A,False
participant_051,a,40,experiment,46,16,1,exhaustive,y,16b,16a,16a,579.0,484.0,411.0,379.0,477.0,429.0,721.0,3480.0,,3040.0,right,A,False
participant_051,a,34,experiment,51,17,1,contrastive,n,17a,17b,17b,628.0,553.0,540.0,536.0,463.0,526.0,471.0,3717.0,,1365.0,left,A,True
participant_051,a,21,experiment,53,18,1,unmodified,n,18a,18b,,726.0,736.0,598.0,595.0,584.0,570.0,542.0,4351.0,,1165.0,left,A,False
participant_052,a,36,experiment,1,1,1,exhaustive,n,1a,1b,1a,309.0,235.0,251.0,237.0,440.0,247.0,268.0,1987.0,,759.0,left,A,False
participant_052,a,50,experiment,6,2,1,contrastive,y,2b,2a,2b,336.0,222.0,199.0,191.0,180.0,156.0,192.0,1476.0,,416.0,right,A,True
participant_052,a,18,experiment,8,3,1,unmodified,y,3b,3a,,373.0,259.0,251.0,229.0,227.0,227.0,228.0,1794.0,,2164.0,right,A,False
participant_052,a,43,experiment,10,4,1,exhaustive,y,4b,4a,4a,251.0,205.0,179.0,516.0,173.0,343.0,161.0,1828.0,,656.0,right,A,False
participant_052,a,10,experiment,15,5,1,contrastive,n,5a,5b,5b,498.0,335.0,333.0,304.0,370.0,311.0,1204.0,3355.0,,1938.0,left,A,True
participant_052,a,13,experiment,17,6,1,unmodified,n,6a,6b,,416.0,326.0,343.0,330.0,395.0,332.0,355.0,2497.0,,645.0,left,A,False
participant_052,a,49,experiment,19,7,1,exhaustive,n,7a,7b,7a,332.0,248.0,184.0,179.0,204.0,207.0,187.0,1541.0,,427.0,left,A,False
participant_052,a,47,experiment,24,8,1,contrastive,y,8b,8a,8b,349.0,250.0,221.0,228.0,329.0,310.0,244.0,1931.0,,433.0,right,A,True
participant_052,a,35,experiment,26,9,1,unmodified,y,9b,9a,,316.0,233.0,198.0,203.0,203.0,179.0,176.0,1508.0,,493.0,right,A,False
participant_052,a,45,experiment,28,10,1,exhaustive,y,10b,10a,10a,384.0,255.0,213.0,201.0,510.0,214.0,303.0,2080.0,,491.0,right,A,False
participant_052,a,42,experiment,33,11,1,contrastive,n,11a,11b,11b,271.0,278.0,237.0,250.0,214.0,249.0,375.0,1874.0,,408.0,left,A,True
participant_052,a,27,experiment,35,12,1,unmodified,n,12a,12b,,331.0,252.0,248.0,226.0,250.0,222.0,251.0,1780.0,,421.0,left,A,False
participant_052,a,38,experiment,37,13,1,exhaustive,n,13a,13b,13a,286.0,246.0,232.0,204.0,216.0,403.0,192.0,1779.0,,444.0,left,A,False
participant_052,a,31,experiment,42,14,1,contrastive,y,14b,14a,14b,246.0,333.0,274.0,282.0,277.0,224.0,237.0,1873.0,,2703.0,left,B,False
participant_052,a,29,experiment,44,15,1,unmodified,y,15b,15a,,301.0,291.0,273.0,281.0,258.0,269.0,260.0,1933.0,,573.0,right,A,False
participant_052,a,40,experiment,46,16,1,exhaustive,y,16b,16a,16a,210.0,222.0,183.0,217.0,157.0,173.0,167.0,1329.0,,496.0,right,A,False
participant_052,a,34,experiment,51,17,1,contrastive,n,17a,17b,17b,346.0,254.0,227.0,217.0,202.0,214.0,213.0,1673.0,,456.0,left,A,True
participant_052,a,21,experiment,53,18,1,unmodified,n,18a,18b,,381.0,339.0,333.0,465.0,382.0,356.0,369.0,2625.0,,575.0,left,A,False
participant_053,b,34,experiment,2,1,1,unmodified,y,1b,1a,,445.0,424.0,361.0,425.0,438.0,841.0,1300.0,4234.0,,1507.0,right,A,False
participant_053,b,26,experiment,4,2,1,exhaustive,y,2b,2a,2a,629.0,786.0,1713.0,502.0,336.0,506.0,461.0,4933.0,,1458.0,right,A,False
participant_053,b,49,experiment,9,3,1,contrastive,n,3a,3b,3b,783.0,1028.0,547.0,494.0,474.0,660.0,592.0,4578.0,,1009.0,right,B,False
participant_053,b,25,experiment,11,4,1,unmodified,n,4a,4b,,423.0,776.0,472.0,564.0,544.0,590.0,1578.0,4947.0,,1907.0,left,A,False
participant_053,b,13,experiment,13,5,1,exhaustive,n,5a,5b,5a,578.0,1047.0,686.0,479.0,602.0,1013.0,1311.0,5716.0,,4188.0,left,A,False
participant_053,b,15,experiment,18,6,1,contrastive,y,6b,6a,6b,493.0,685.0,912.0,460.0,440.0,826.0,1644.0,5460.0,,1986.0,left,B,False
participant_053,b,37,experiment,20,7,1,unmodified,y,7b,7a,,463.0,510.0,423.0,390.0,412.0,618.0,597.0,3413.0,,1736.0,right,A,False
participant_053,b,17,experiment,22,8,1,exhaustive,y,8b,8a,8a,696.0,811.0,490.0,534.0,406.0,643.0,548.0,4128.0,,1575.0,right,A,False
participant_053,b,12,experiment,27,9,1,contrastive,n,9a,9b,9b,673.0,726.0,601.0,529.0,467.0,878.0,1189.0,5063.0,,2085.0,left,A,True
participant_053,b,21,experiment,29,10,1,unmodified,n,10a,10b,,569.0,1279.0,472.0,643.0,424.0,666.0,1055.0,5108.0,,1991.0,left,A,False
participant_053,b,39,experiment,31,11,1,exhaustive,n,11a,11b,11a,454.0,359.0,373.0,410.0,640.0,672.0,527.0,3435.0,,1366.0,left,A,False
participant_053,b,41,experiment,36,12,1,contrastive,y,12b,12a,12b,768.0,1900.0,750.0,643.0,423.0,694.0,897.0,6075.0,,1846.0,left,B,False
participant_053,b,14,experiment,38,13,1,unmodified,y,13b,13a,,540.0,637.0,460.0,698.0,579.0,817.0,2422.0,6153.0,,1402.0,right,A,False
participant_053,b,29,experiment,40,14,1,exhaustive,y,14b,14a,14a,421.0,417.0,401.0,663.0,546.0,470.0,698.0,3616.0,,3973.0,right,A,False
participant_053,b,46,experiment,45,15,1,contrastive,n,15a,15b,15b,485.0,402.0,753.0,563.0,865.0,1254.0,667.0,4989.0,,1345.0,right,B,False
participant_053,b,18,experiment,47,16,1,unmodified,n,16a,16b,,715.0,1032.0,628.0,1175.0,1359.0,1495.0,2197.0,8601.0,,5351.0,left,A,False
participant_053,b,23,experiment,49,17,1,exhaustive,n,17a,17b,17a,580.0,495.0,448.0,1001.0,471.0,899.0,2332.0,6226.0,,3590.0,left,A,False
participant_053,b,43,experiment,54,18,1,contrastive,y,18b,18a,18b,597.0,463.0,667.0,517.0,465.0,745.0,1035.0,4489.0,,2667.0,left,B,False
participant_054,c,33,experiment,3,1,1,contrastive,n,1a,1b,1b,1026.0,522.0,528.0,596.0,1285.0,1865.0,3318.0,9140.0,,4032.0,right,B,False
participant_054,c,36,experiment,5,2,1,unmodified,n,2a,2b,,602.0,522.0,471.0,643.0,561.0,739.0,1228.0,4766.0,,4211.0,left,A,False
participant_054,c,34,experiment,7,3,1,exhaustive,n,3a,3b,3a,564.0,878.0,483.0,843.0,595.0,1085.0,958.0,5406.0,,3523.0,left,A,False
participant_054,c,47,experiment,12,4,1,contrastive,y,4b,4a,4b,467.0,521.0,573.0,521.0,512.0,810.0,1227.0,4631.0,,1270.1924300254452,left,B,False
participant_054,c,27,experiment,14,5,1,unmodified,y,5b,5a,,394.0,632.0,517.0,610.0,539.0,998.0,1312.0,5002.0,,3655.0,right,A,False
participant_054,c,17,experiment,16,6,1,exhaustive,y,6b,6a,6a,774.0,499.0,1267.0,1012.0,689.0,981.0,565.0,5787.0,,1830.0,right,A,False
participant_054,c,49,experiment,21,7,1,contrastive,n,7a,7b,7b,429.0,495.0,456.0,539.0,636.0,1055.0,884.0,4494.0,,5009.0,right,B,False
participant_054,c,12,experiment,23,8,1,unmodified,n,8a,8b,,747.0,516.0,453.0,501.0,495.0,557.0,678.0,3947.0,,2785.0,left,A,False
participant_054,c,40,experiment,25,9,1,exhaustive,n,9a,9b,9a,637.0,468.0,864.0,569.0,556.0,681.0,628.0,4403.0,,4779.0,left,A,False
participant_054,c,43,experiment,30,10,1,contrastive,y,10b,10a,10b,519.0,791.0,721.0,543.0,517.0,717.0,870.0,4678.0,,6092.0,left,B,False
participant_054,c,22,experiment,32,11,1,unmodified,y,11b,11a,,484.0,992.0,659.0,1312.0,705.0,1113.0,1187.0,6452.0,,10820.0,left,B,False
participant_054,c,10,experiment,34,12,1,exhaustive,y,12b,12a,12a,1425.0,892.0,702.0,743.0,667.0,844.0,1152.0,6425.0,,9397.0,right,A,False
participant_054,c,20,experiment,39,13,1,contrastive,n,13a,13b,13b,812.0,693.0,803.0,1143.0,620.0,1227.0,909.0,6207.0,,3445.0,left,A,True
participant_054,c,29,experiment,41,14,1,unmodified,n,14a,14b,,765.0,528.0,586.0,685.0,595.0,967.0,2786.0,6912.0,,9094.0,left,A,False
participant_054,c,15,experiment,43,15,1,exhaustive,n,15a,15b,15a,1113.0,2069.0,624.0,1388.0,585.0,821.0,1754.0,8354.0,,3400.0,left,A,False
participant_054,c,25,experiment,48,16,1,contrastive,y,16b,16a,16b,558.0,502.0,792.0,680.0,633.0,959.0,1072.0,5196.0,,3014.0,right,A,True
participant_054,c,24,experiment,50,17,1,unmodified,y,17b,17a,,846.0,889.0,926.0,1019.0,815.0,1001.0,1093.0,6589.0,,2275.0,right,A,False
participant_054,c,38,experiment,52,18,1,exhaustive,y,18b,18a,18a,552.0,481.0,600.0,554.0,554.0,678.0,1207.0,4626.0,,3579.0,right,A,False
participant_055,b,34,experiment,2,1,1,unmodified,y,1b,1a,,530.0,459.0,475.0,941.0,617.0,754.0,1174.0,4950.0,,1490.0,right,A,False
participant_055,b,26,experiment,4,2,1,exhaustive,y,2b,2a,2a,502.0,495.0,497.0,472.0,527.0,591.0,787.0,3871.0,,1739.0,right,A,False
participant_055,b,49,experiment,9,3,1,contrastive,n,3a,3b,3b,498.0,437.0,581.0,1225.0,492.0,927.0,557.0,4717.0,,1270.1924300254452,left,A,True
participant_055,b,25,experiment,11,4,1,unmodified,n,4a,4b,,574.0,692.0,503.0,544.0,584.0,821.0,726.0,4444.0,,1931.0,left,A,False
participant_055,b,13,experiment,13,5,1,exhaustive,n,5a,5b,5a,739.0,588.0,460.0,538.0,597.0,714.0,2944.0,6580.0,,3254.0,right,B,True
participant_055,b,15,experiment,18,6,1,contrastive,y,6b,6a,6b,460.0,396.0,428.0,522.0,1083.0,628.0,792.0,4309.0,,1697.0,right,A,True
participant_055,b,37,experiment,20,7,1,unmodified,y,7b,7a,,510.0,420.0,382.0,447.0,455.0,581.0,696.0,3491.0,,1577.0,right,A,False
participant_055,b,17,experiment,22,8,1,exhaustive,y,8b,8a,8a,531.0,470.0,463.0,477.0,465.0,491.0,926.0,3823.0,,1725.0,right,A,False
participant_055,b,12,experiment,27,9,1,contrastive,n,9a,9b,9b,1137.0,695.0,642.0,851.0,548.0,640.0,781.0,5294.0,,2421.0,left,A,True
participant_055,b,21,experiment,29,10,1,unmodified,n,10a,10b,,652.0,828.0,636.0,663.0,677.0,907.0,640.0,5003.0,,2112.0,left,A,False
participant_055,b,39,experiment,31,11,1,exhaustive,n,11a,11b,11a,501.0,388.0,362.0,422.0,463.0,642.0,535.0,3313.0,,1896.0,left,A,False
participant_055,b,41,experiment,36,12,1,contrastive,y,12b,12a,12b,727.0,659.0,627.0,618.0,564.0,680.0,544.0,4419.0,,1598.0,right,A,True
participant_055,b,14,experiment,38,13,1,unmodified,y,13b,13a,,712.0,408.0,395.0,629.0,563.0,700.0,1163.0,4570.0,,2261.0,right,A,False
participant_055,b,29,experiment,40,14,1,exhaustive,y,14b,14a,14a,407.0,582.0,478.0,712.0,533.0,952.0,910.0,4574.0,,5896.0,right,A,False
participant_055,b,46,experiment,45,15,1,contrastive,n,15a,15b,15b,460.0,675.0,694.0,771.0,610.0,750.0,660.0,4620.0,,1270.1924300254452,right,B,False
participant_055,b,18,experiment,47,16,1,unmodified,n,16a,16b,,524.0,287.0,402.0,478.0,506.0,820.0,875.0,3892.0,,2056.0,left,A,False
participant_055,b,23,experiment,49,17,1,exhaustive,n,17a,17b,17a,997.0,499.0,448.0,638.0,542.0,637.0,601.0,4362.0,,1793.0,left,A,False
participant_055,b,43,experiment,54,18,1,contrastive,y,18b,18a,18b,523.0,559.0,466.0,759.0,754.0,861.0,752.0,4674.0,,3600.0,right,A,True
participant_056,a,36,experiment,1,1,1,exhaustive,n,1a,1b,1a,465.0,244.0,297.0,348.0,415.0,386.0,491.0,2646.0,,854.0,left,A,False
participant_056,a,50,experiment,6,2,1,contrastive,y,2b,2a,2b,334.0,207.0,446.0,377.0,298.0,384.0,347.0,2393.0,,1079.0,left,B,False
participant_056,a,18,experiment,8,3,1,unmodified,y,3b,3a,,1271.0,463.0,446.0,387.0,416.0,704.0,546.0,4233.0,,1197.0,right,A,False
participant_056,a,43,experiment,10,4,1,exhaustive,y,4b,4a,4a,371.0,311.0,312.0,372.0,330.0,391.0,454.0,2541.0,,1160.0,right,A,False
participant_056,a,10,experiment,15,5,1,contrastive,n,5a,5b,5b,594.0,383.0,337.0,330.0,350.0,356.0,494.0,2844.0,,1853.0,left,A,True
participant_056,a,13,experiment,17,6,1,unmodified,n,6a,6b,,701.0,476.0,374.0,444.0,435.0,623.0,457.0,3510.0,,2086.0,left,A,False
participant_056,a,49,experiment,19,7,1,exhaustive,n,7a,7b,7a,2137.0,446.0,277.0,322.0,319.0,493.0,391.0,4385.0,,689.0,left,A,False
participant_056,a,47,experiment,24,8,1,contrastive,y,8b,8a,8b,408.0,316.0,272.0,359.0,318.0,379.0,396.0,2448.0,,1145.0,left,B,False
participant_056,a,35,experiment,26,9,1,unmodified,y,9b,9a,,544.0,317.0,286.0,297.0,307.0,356.0,374.0,2481.0,,1190.0,right,A,False
participant_056,a,45,experiment,28,10,1,exhaustive,y,10b,10a,10a,408.0,314.0,234.0,366.0,337.0,410.0,373.0,2442.0,,697.0,right,A,False
participant_056,a,42,experiment,33,11,1,contrastive,n,11a,11b,11b,427.0,312.0,261.0,332.0,366.0,387.0,415.0,2500.0,,766.0,right,B,False
participant_056,a,27,experiment,35,12,1,unmodified,n,12a,12b,,687.0,383.0,322.0,360.0,522.0,535.0,665.0,3474.0,,1166.0,left,A,False
participant_056,a,38,experiment,37,13,1,exhaustive,n,13a,13b,13a,745.0,319.0,364.0,460.0,396.0,386.0,454.0,3124.0,,1191.0,left,A,False
participant_056,a,31,experiment,42,14,1,contrastive,y,14b,14a,14b,655.0,365.0,393.0,428.0,365.0,484.0,680.0,3370.0,,2552.0,left,B,False
participant_056,a,29,experiment,44,15,1,unmodified,y,15b,15a,,608.0,338.0,338.0,344.0,375.0,462.0,457.0,2922.0,,3806.0,right,A,False
participant_056,a,40,experiment,46,16,1,exhaustive,y,16b,16a,16a,550.0,509.0,357.0,575.0,582.0,426.0,475.0,3474.0,,1022.0,right,A,False
participant_056,a,34,experiment,51,17,1,contrastive,n,17a,17b,17b,724.0,397.0,373.0,407.0,398.0,383.0,911.0,3593.0,,1650.0,left,A,True
participant_056,a,21,experiment,53,18,1,unmodified,n,18a,18b,,475.0,489.0,396.0,377.0,382.0,439.0,492.0,3050.0,,2999.0,left,A,False
participant_057,b,34,experiment,2,1,1,unmodified,y,1b,1a,,390.0,264.0,256.0,504.0,450.0,489.0,413.0,2766.0,,935.0,right,A,False
participant_057,b,26,experiment,4,2,1,exhaustive,y,2b,2a,2a,392.0,214.0,222.0,447.0,464.0,387.0,421.0,2547.0,,753.0,right,A,False
participant_057,b,49,experiment,9,3,1,contrastive,n,3a,3b,3b,354.0,254.0,346.0,489.0,353.0,356.0,423.0,2575.0,,921.0,right,B,False
participant_057,b,25,experiment,11,4,1,unmodified,n,4a,4b,,544.0,381.0,356.0,467.0,461.0,383.0,489.0,3081.0,,726.0,left,A,False
participant_057,b,13,experiment,13,5,1,exhaustive,n,5a,5b,5a,518.0,328.0,326.0,405.0,387.0,2066.0,320.0,4350.0,,878.0,left,A,False
participant_057,b,15,experiment,18,6,1,contrastive,y,6b,6a,6b,698.0,1185.0,363.0,364.0,362.0,760.0,495.0,4227.0,,824.0,left,B,False
participant_057,b,37,experiment,20,7,1,unmodified,y,7b,7a,,345.0,242.0,289.0,397.0,335.0,406.0,392.0,2406.0,,783.0,right,A,False
participant_057,b,17,experiment,22,8,1,exhaustive,y,8b,8a,8a,404.0,299.0,330.0,399.0,395.0,445.0,445.0,2717.0,,766.0,right,A,False
participant_057,b,12,experiment,27,9,1,contrastive,n,9a,9b,9b,406.0,331.0,284.0,403.0,528.0,418.0,555.0,2925.0,,1425.0,right,B,False
participant_057,b,21,experiment,29,10,1,unmodified,n,10a,10b,,371.0,279.0,291.0,322.0,351.0,495.0,397.0,2506.0,,1002.0,left,A,False
participant_057,b,39,experiment,31,11,1,exhaustive,n,11a,11b,11a,378.0,303.0,286.0,421.0,347.0,351.0,432.0,2518.0,,631.0,left,A,False
participant_057,b,41,experiment,36,12,1,contrastive,y,12b,12a,12b,465.0,320.0,287.0,416.0,334.0,417.0,474.0,2713.0,,686.0,left,B,False
participant_057,b,14,experiment,38,13,1,unmodified,y,13b,13a,,426.0,335.0,324.0,625.0,681.0,451.0,817.0,3659.0,,992.0,right,A,False
participant_057,b,29,experiment,40,14,1,exhaustive,y,14b,14a,14a,407.0,308.0,387.0,401.0,414.0,485.0,875.0,3277.0,,1349.0,right,A,False
participant_057,b,46,experiment,45,15,1,contrastive,n,15a,15b,15b,456.0,269.0,281.0,370.0,298.0,442.0,385.0,2501.0,,883.0,right,B,False
participant_057,b,18,experiment,47,16,1,unmodified,n,16a,16b,,414.0,306.0,292.0,306.0,379.0,370.0,421.0,2488.0,,1953.0,left,A,False
participant_057,b,23,experiment,49,17,1,exhaustive,n,17a,17b,17a,390.0,294.0,305.0,394.0,462.0,488.0,554.0,2887.0,,894.0,left,A,False
participant_057,b,43,experiment,54,18,1,contrastive,y,18b,18a,18b,368.0,251.0,274.0,421.0,369.0,402.0,421.0,2506.0,,749.0,left,B,False
participant_058,a,36,experiment,1,1,1,exhaustive,n,1a,1b,1a,539.0,562.0,947.0,848.0,714.0,750.0,987.0,5347.0,,1115.0,left,A,False
participant_058,a,50,experiment,6,2,1,contrastive,y,2b,2a,2b,606.0,750.0,737.0,715.0,824.0,1063.0,2185.0,6880.0,,948.0,left,B,False
participant_058,a,18,experiment,8,3,1,unmodified,y,3b,3a,,853.0,766.0,862.0,1131.0,937.0,1184.0,1797.0,7530.0,,755.0,right,A,False
participant_058,a,43,experiment,10,4,1,exhaustive,y,4b,4a,4a,787.0,1143.0,806.0,800.0,774.0,1003.0,1808.0,7121.0,,669.0,right,A,False
participant_058,a,10,experiment,15,5,1,contrastive,n,5a,5b,5b,797.0,1198.0,664.0,840.0,994.0,974.0,1414.0,6881.0,,2501.0,right,B,False
participant_058,a,13,experiment,17,6,1,unmodified,n,6a,6b,,673.0,1207.0,1152.0,927.0,1079.0,1446.0,1005.0,7489.0,,1496.0,left,A,False
participant_058,a,49,experiment,19,7,1,exhaustive,n,7a,7b,7a,570.0,766.0,613.0,725.0,651.0,788.0,1180.0,5293.0,,911.0,left,A,False
participant_058,a,47,experiment,24,8,1,contrastive,y,8b,8a,8b,561.0,590.0,681.0,730.0,899.0,633.0,1653.0,5747.0,,941.0,left,B,False
participant_058,a,35,experiment,26,9,1,unmodified,y,9b,9a,,578.0,549.0,511.0,608.0,566.0,779.0,952.0,4543.0,,1573.0,right,A,False
participant_058,a,45,experiment,28,10,1,exhaustive,y,10b,10a,10a,612.0,1133.0,894.0,1074.0,631.0,816.0,932.0,6092.0,,733.0,right,A,False
participant_058,a,42,experiment,33,11,1,contrastive,n,11a,11b,11b,746.0,806.0,784.0,792.0,798.0,994.0,1572.0,6492.0,,857.0,right,B,False
participant_058,a,27,experiment,35,12,1,unmodified,n,12a,12b,,574.0,725.0,885.0,938.0,878.0,1280.0,1509.0,6789.0,,1132.0,right,B,False
participant_058,a,38,experiment,37,13,1,exhaustive,n,13a,13b,13a,614.0,864.0,1509.0,1331.0,954.0,1227.0,1578.0,8077.0,,1343.0,left,A,False
participant_058,a,31,experiment,42,14,1,contrastive,y,14b,14a,14b,596.0,725.0,792.0,827.0,1069.0,788.0,2447.0,7244.0,,3087.0,left,B,False
participant_058,a,29,experiment,44,15,1,unmodified,y,15b,15a,,681.0,963.0,2022.0,792.0,1106.0,1208.0,1416.0,8188.0,,984.0,right,A,False
participant_058,a,40,experiment,46,16,1,exhaustive,y,16b,16a,16a,824.0,822.0,715.0,785.0,639.0,727.0,1272.0,5784.0,,1387.0,right,A,False
participant_058,a,34,experiment,51,17,1,contrastive,n,17a,17b,17b,602.0,927.0,1103.0,747.0,958.0,840.0,1201.0,6378.0,,731.0,right,B,False
participant_058,a,21,experiment,53,18,1,unmodified,n,18a,18b,,993.0,895.0,999.0,1654.0,1021.0,1381.0,1797.0,8740.0,,3216.0,left,A,False
participant_059,b,34,experiment,2,1,1,unmodified,y,1b,1a,,583.0,520.0,791.0,609.0,588.0,637.0,894.0,4622.0,,600.0,right,A,False
participant_059,b,26,experiment,4,2,1,exhaustive,y,2b,2a,2a,603.0,843.0,629.0,535.0,469.0,721.0,1231.0,5031.0,,642.0,right,A,False
participant_059,b,49,experiment,9,3,1,contrastive,n,3a,3b,3b,638.0,888.0,773.0,613.0,1177.0,1112.0,624.0,5825.0,,823.0,right,B,False
participant_059,b,25,experiment,11,4,1,unmodified,n,4a,4b,,497.0,891.0,641.0,702.0,601.0,724.0,1465.0,5521.0,,1078.0,left,A,False
participant_059,b,13,experiment,13,5,1,exhaustive,n,5a,5b,5a,529.0,991.0,783.0,635.0,588.0,656.0,1467.0,5649.0,,907.0,left,A,False
participant_059,b,15,experiment,18,6,1,contrastive,y,6b,6a,6b,678.0,702.0,629.0,572.0,875.0,651.0,2735.0,6842.0,,1056.0,left,B,False
participant_059,b,37,experiment,20,7,1,unmodified,y,7b,7a,,615.0,902.0,671.0,505.0,599.0,763.0,1731.0,5786.0,,573.0,right,A,False
participant_059,b,17,experiment,22,8,1,exhaustive,y,8b,8a,8a,1031.0,1431.0,787.0,704.0,913.0,722.0,1014.0,6602.0,,938.0,right,A,False
participant_059,b,12,experiment,27,9,1,contrastive,n,9a,9b,9b,684.0,720.0,715.0,643.0,709.0,668.0,1435.0,5574.0,,757.0,right,B,False
participant_059,b,21,experiment,29,10,1,unmodified,n,10a,10b,,809.0,2469.0,1772.0,596.0,676.0,809.0,670.0,7801.0,,2760.0,left,A,False
participant_059,b,39,experiment,31,11,1,exhaustive,n,11a,11b,11a,668.0,733.0,1231.0,1268.0,717.0,1111.0,849.0,6577.0,,1277.0,left,A,False
participant_059,b,41,experiment,36,12,1,contrastive,y,12b,12a,12b,1597.0,626.0,587.0,534.0,2464.0,1181.0,2123.0,9112.0,,1313.0,left,B,False
participant_059,b,14,experiment,38,13,1,unmodified,y,13b,13a,,566.0,572.0,633.0,691.0,591.0,872.0,960.0,4885.0,,992.0,right,A,False
participant_059,b,29,experiment,40,14,1,exhaustive,y,14b,14a,14a,647.0,649.0,954.0,1017.0,957.0,1024.0,1700.0,6948.0,,1228.0,right,A,False
participant_059,b,46,experiment,45,15,1,contrastive,n,15a,15b,15b,528.0,629.0,536.0,488.0,519.0,523.0,710.0,3933.0,,712.0,right,B,False
participant_059,b,18,experiment,47,16,1,unmodified,n,16a,16b,,824.0,803.0,1183.0,893.0,650.0,628.0,1019.0,6000.0,,1549.0,left,A,False
participant_059,b,23,experiment,49,17,1,exhaustive,n,17a,17b,17a,545.0,641.0,1380.0,1149.0,628.0,1101.0,1280.0,6724.0,,1029.0,left,A,False
participant_059,b,43,experiment,54,18,1,contrastive,y,18b,18a,18b,528.0,515.0,492.0,576.0,859.0,735.0,600.0,4305.0,,1038.0,left,B,False
participant_060,c,33,experiment,3,1,1,contrastive,n,1a,1b,1b,526.0,610.0,618.0,806.0,1021.0,739.0,898.0,5218.0,,972.0,right,B,False
participant_060,c,36,experiment,5,2,1,unmodified,n,2a,2b,,466.0,439.0,464.0,527.0,594.0,712.0,743.0,3945.0,,1049.0,left,A,False
participant_060,c,34,experiment,7,3,1,exhaustive,n,3a,3b,3a,508.0,520.0,673.0,622.0,631.0,973.0,826.0,4753.0,,732.0,left,A,False
participant_060,c,47,experiment,12,4,1,contrastive,y,4b,4a,4b,512.0,490.0,512.0,495.0,486.0,601.0,1028.0,4124.0,,745.0,left,B,False
participant_060,c,27,experiment,14,5,1,unmodified,y,5b,5a,,549.0,510.0,606.0,588.0,632.0,657.0,2044.0,5586.0,,8863.0,right,A,False
participant_060,c,17,experiment,16,6,1,exhaustive,y,6b,6a,6a,595.0,500.0,447.0,470.0,422.0,587.0,4283.0,7304.0,,744.0,right,A,False
participant_060,c,49,experiment,21,7,1,contrastive,n,7a,7b,7b,511.0,624.0,538.0,590.0,490.0,496.0,521.0,3770.0,,564.0,right,B,False
participant_060,c,12,experiment,23,8,1,unmodified,n,8a,8b,,567.0,640.0,733.0,569.0,561.0,601.0,933.0,4604.0,,869.0,left,A,False
participant_060,c,40,experiment,25,9,1,exhaustive,n,9a,9b,9a,507.0,447.0,442.0,499.0,474.0,853.0,736.0,3958.0,,626.0,left,A,False
participant_060,c,43,experiment,30,10,1,contrastive,y,10b,10a,10b,536.0,461.0,481.0,445.0,499.0,450.0,509.0,3381.0,,798.0,left,B,False
participant_060,c,22,experiment,32,11,1,unmodified,y,11b,11a,,539.0,710.0,523.0,557.0,737.0,857.0,1253.0,5176.0,,636.0,right,A,False
participant_060,c,10,experiment,34,12,1,exhaustive,y,12b,12a,12a,510.0,508.0,842.0,675.0,482.0,679.0,744.0,4440.0,,784.0,right,A,False
participant_060,c,20,experiment,39,13,1,contrastive,n,13a,13b,13b,706.0,475.0,431.0,416.0,527.0,520.0,497.0,3572.0,,779.0,right,B,False
participant_060,c,29,experiment,41,14,1,unmodified,n,14a,14b,,515.0,437.0,488.0,480.0,558.0,486.0,676.0,3640.0,,3571.0,left,A,False
participant_060,c,15,experiment,43,15,1,exhaustive,n,15a,15b,15a,780.0,623.0,588.0,1033.0,599.0,826.0,632.0,5081.0,,1030.0,left,A,False
participant_060,c,25,experiment,48,16,1,contrastive,y,16b,16a,16b,430.0,426.0,431.0,526.0,636.0,491.0,472.0,3412.0,,534.0,left,B,False
participant_060,c,24,experiment,50,17,1,unmodified,y,17b,17a,,476.0,459.0,533.0,545.0,646.0,791.0,2649.0,6099.0,,1496.0,right,A,False
participant_060,c,38,experiment,52,18,1,exhaustive,y,18b,18a,18a,563.0,480.0,545.0,659.0,493.0,704.0,1096.0,4540.0,,693.0,right,A,False
participant_061,a,36,experiment,1,1,1,exhaustive,n,1a,1b,1a,330.0,299.0,288.0,294.0,287.0,541.0,371.0,2410.0,,690.0,left,A,False
participant_061,a,50,experiment,6,2,1,contrastive,y,2b,2a,2b,258.0,292.0,285.0,284.0,268.0,316.0,342.0,2045.0,,880.0,right,A,True
participant_061,a,18,experiment,8,3,1,unmodified,y,3b,3a,,381.0,425.0,398.0,412.0,643.0,693.0,533.0,3485.0,,1132.0,right,A,False
participant_061,a,43,experiment,10,4,1,exhaustive,y,4b,4a,4a,379.0,245.0,366.0,267.0,294.0,302.0,337.0,2190.0,,601.0,right,A,False
participant_061,a,10,experiment,15,5,1,contrastive,n,5a,5b,5b,560.0,480.0,465.0,699.0,567.0,670.0,794.0,4235.0,,2728.0,left,A,True
participant_061,a,13,experiment,17,6,1,unmodified,n,6a,6b,,383.0,554.0,409.0,396.0,411.0,439.0,392.0,2984.0,,1271.0,left,A,False
participant_061,a,49,experiment,19,7,1,exhaustive,n,7a,7b,7a,353.0,342.0,356.0,349.0,359.0,364.0,328.0,2451.0,,593.0,left,A,False
participant_061,a,47,experiment,24,8,1,contrastive,y,8b,8a,8b,473.0,286.0,296.0,339.0,315.0,316.0,317.0,2342.0,,700.0,right,A,True
participant_061,a,35,experiment,26,9,1,unmodified,y,9b,9a,,335.0,295.0,270.0,230.0,114.0,565.0,497.0,2306.0,,613.0,right,A,False
participant_061,a,45,experiment,28,10,1,exhaustive,y,10b,10a,10a,268.0,314.0,370.0,271.0,282.0,287.0,404.0,2196.0,,1202.0,right,A,False
participant_061,a,42,experiment,33,11,1,contrastive,n,11a,11b,11b,283.0,277.0,271.0,304.0,243.0,335.0,296.0,2009.0,,974.0,left,A,True
participant_061,a,27,experiment,35,12,1,unmodified,n,12a,12b,,319.0,336.0,320.0,326.0,423.0,587.0,401.0,2712.0,,762.0,left,A,False
participant_061,a,38,experiment,37,13,1,exhaustive,n,13a,13b,13a,547.0,556.0,379.0,410.0,306.0,357.0,470.0,3025.0,,785.0,left,A,False
participant_061,a,31,experiment,42,14,1,contrastive,y,14b,14a,14b,518.0,254.0,316.0,351.0,308.0,320.0,383.0,2450.0,,1593.0,right,A,True
participant_061,a,29,experiment,44,15,1,unmodified,y,15b,15a,,369.0,301.0,317.0,350.0,289.0,330.0,365.0,2321.0,,1619.0,right,A,False
participant_061,a,40,experiment,46,16,1,exhaustive,y,16b,16a,16a,339.0,262.0,314.0,282.0,295.0,314.0,320.0,2126.0,,768.0,right,A,False
participant_061,a,34,experiment,51,17,1,contrastive,n,17a,17b,17b,511.0,392.0,328.0,366.0,316.0,307.0,395.0,2615.0,,675.0,left,A,True
participant_061,a,21,experiment,53,18,1,unmodified,n,18a,18b,,376.0,371.0,420.0,653.0,523.0,482.0,501.0,3326.0,,1462.0,left,A,False
participant_062,a,36,experiment,1,1,1,exhaustive,n,1a,1b,1a,1184.0,624.0,610.0,648.0,705.0,644.0,455.0,4870.0,,826.0,left,A,False
participant_062,a,50,experiment,6,2,1,contrastive,y,2b,2a,2b,415.0,395.0,420.0,372.0,415.0,446.0,426.0,2889.0,,609.0,right,A,True
participant_062,a,18,experiment,8,3,1,unmodified,y,3b,3a,,564.0,604.0,557.0,957.0,672.0,976.0,662.0,4992.0,,1047.0,right,A,False
participant_062,a,43,experiment,10,4,1,exhaustive,y,4b,4a,4a,316.0,437.0,352.0,476.0,399.0,496.0,627.0,3103.0,,3613.0,right,A,False
participant_062,a,10,experiment,15,5,1,contrastive,n,5a,5b,5b,702.0,896.0,802.0,848.0,946.0,862.0,1273.0,6329.0,,6815.0,right,B,False
participant_062,a,13,experiment,17,6,1,unmodified,n,6a,6b,,1350.0,1306.0,1764.0,722.0,855.0,754.0,870.0,7621.0,,2675.0,left,A,False
participant_062,a,49,experiment,19,7,1,exhaustive,n,7a,7b,7a,348.0,327.0,317.0,322.0,347.0,375.0,380.0,2416.0,,452.0,left,A,False
participant_062,a,47,experiment,24,8,1,contrastive,y,8b,8a,8b,366.0,397.0,388.0,401.0,387.0,499.0,445.0,2883.0,,542.0,right,A,True
participant_062,a,35,experiment,26,9,1,unmodified,y,9b,9a,,367.0,379.0,360.0,383.0,396.0,400.0,472.0,2757.0,,683.0,right,A,False
participant_062,a,45,experiment,28,10,1,exhaustive,y,10b,10a,10a,435.0,383.0,578.0,387.0,382.0,434.0,430.0,3029.0,,1957.0,right,A,False
participant_062,a,42,experiment,33,11,1,contrastive,n,11a,11b,11b,403.0,401.0,461.0,482.0,502.0,804.0,580.0,3633.0,,683.0,left,A,True
participant_062,a,27,experiment,35,12,1,unmodified,n,12a,12b,,855.0,1076.0,548.0,678.0,432.0,682.0,495.0,4766.0,,1711.0,left,A,False
participant_062,a,38,experiment,37,13,1,exhaustive,n,13a,13b,13a,397.0,382.0,360.0,480.0,427.0,503.0,720.0,3269.0,,494.0,left,A,False
participant_062,a,31,experiment,42,14,1,contrastive,y,14b,14a,14b,393.0,420.0,1024.0,533.0,460.0,476.0,607.0,3913.0,,3492.0,right,A,True
participant_062,a,29,experiment,44,15,1,unmodified,y,15b,15a,,663.0,758.0,533.0,514.0,477.0,670.0,1815.0,5430.0,,1240.0,right,A,False
participant_062,a,40,experiment,46,16,1,exhaustive,y,16b,16a,16a,341.0,351.0,360.0,446.0,628.0,471.0,478.0,3075.0,,1432.0,right,A,False
participant_062,a,34,experiment,51,17,1,contrastive,n,17a,17b,17b,441.0,511.0,606.0,524.0,446.0,526.0,514.0,3568.0,,456.0,left,A,True
participant_062,a,21,experiment,53,18,1,unmodified,n,18a,18b,,1693.0,944.0,836.0,589.0,955.0,642.0,730.0,6389.0,,1422.0,left,A,False
participant_063,c,33,experiment,3,1,1,contrastive,n,1a,1b,1b,403.0,422.0,368.0,507.0,383.0,517.0,460.0,3060.0,,513.0,left,A,True
participant_063,c,36,experiment,5,2,1,unmodified,n,2a,2b,,422.0,407.0,389.0,387.0,390.0,658.0,419.0,3072.0,,1972.0,left,A,False
participant_063,c,34,experiment,7,3,1,exhaustive,n,3a,3b,3a,444.0,363.0,342.0,397.0,336.0,482.0,355.0,2719.0,,1017.0,left,A,False
participant_063,c,47,experiment,12,4,1,contrastive,y,4b,4a,4b,581.0,342.0,357.0,352.0,369.0,486.0,674.0,3161.0,,1034.0,right,A,True
participant_063,c,27,experiment,14,5,1,unmodified,y,5b,5a,,437.0,321.0,329.0,357.0,368.0,675.0,387.0,2874.0,,496.0,right,A,False
participant_063,c,17,experiment,16,6,1,exhaustive,y,6b,6a,6a,550.0,398.0,385.0,459.0,474.0,505.0,442.0,3213.0,,895.0,right,A,False
participant_063,c,49,experiment,21,7,1,contrastive,n,7a,7b,7b,394.0,372.0,337.0,402.0,363.0,446.0,365.0,2679.0,,763.0,left,A,True
participant_063,c,12,experiment,23,8,1,unmodified,n,8a,8b,,542.0,555.0,413.0,486.0,459.0,517.0,576.0,3548.0,,1046.0,left,A,False
participant_063,c,40,experiment,25,9,1,exhaustive,n,9a,9b,9a,344.0,359.0,361.0,410.0,405.0,448.0,396.0,2723.0,,480.0,left,A,False
participant_063,c,43,experiment,30,10,1,contrastive,y,10b,10a,10b,567.0,349.0,324.0,409.0,388.0,420.0,397.0,2854.0,,845.0,right,A,True
participant_063,c,22,experiment,32,11,1,unmodified,y,11b,11a,,509.0,466.0,383.0,398.0,366.0,499.0,413.0,3034.0,,737.0,right,A,False
participant_063,c,10,experiment,34,12,1,exhaustive,y,12b,12a,12a,633.0,586.0,544.0,535.0,583.0,648.0,540.0,4069.0,,1067.0,right,A,False
participant_063,c,20,experiment,39,13,1,contrastive,n,13a,13b,13b,464.0,481.0,406.0,464.0,527.0,706.0,665.0,3713.0,,449.0,left,A,True
participant_063,c,29,experiment,41,14,1,unmodified,n,14a,14b,,399.0,336.0,348.0,411.0,390.0,386.0,431.0,2701.0,,1510.0,left,A,False
participant_063,c,15,experiment,43,15,1,exhaustive,n,15a,15b,15a,360.0,484.0,347.0,495.0,356.0,474.0,482.0,2998.0,,706.0,left,A,False
participant_063,c,25,experiment,48,16,1,contrastive,y,16b,16a,16b,331.0,362.0,356.0,386.0,436.0,383.0,466.0,2720.0,,2334.0,right,A,True
participant_063,c,24,experiment,50,17,1,unmodified,y,17b,17a,,435.0,364.0,395.0,390.0,420.0,464.0,366.0,2834.0,,689.0,right,A,False
participant_063,c,38,experiment,52,18,1,exhaustive,y,18b,18a,18a,346.0,402.0,483.0,596.0,436.0,577.0,575.0,3415.0,,1385.0,right,A,False
participant_064,a,36,experiment,1,1,1,exhaustive,n,1a,1b,1a,474.0,670.0,880.0,610.0,590.0,934.0,547.0,4705.0,,784.0,left,A,False
participant_064,a,50,experiment,6,2,1,contrastive,y,2b,2a,2b,650.0,766.0,911.0,825.0,1045.0,2102.0,465.0,6764.0,,1134.0,left,B,False
participant_064,a,18,experiment,8,3,1,unmodified,y,3b,3a,,698.0,984.0,935.0,937.0,898.0,1000.0,1176.0,6628.0,,3673.0,right,A,False
participant_064,a,43,experiment,10,4,1,exhaustive,y,4b,4a,4a,530.0,908.0,958.0,574.0,498.0,594.0,437.0,4499.0,,2502.0,right,A,False
participant_064,a,10,experiment,15,5,1,contrastive,n,5a,5b,5b,590.0,621.0,545.0,513.0,475.0,803.0,1098.0,4645.0,,1504.0,right,B,False
participant_064,a,13,experiment,17,6,1,unmodified,n,6a,6b,,686.0,731.0,672.0,685.0,714.0,815.0,688.0,4991.0,,2061.0,left,A,False
participant_064,a,49,experiment,19,7,1,exhaustive,n,7a,7b,7a,450.0,465.0,454.0,405.0,457.0,815.0,621.0,3667.0,,805.0,left,A,False
participant_064,a,47,experiment,24,8,1,contrastive,y,8b,8a,8b,534.0,416.0,427.0,473.0,562.0,395.0,514.0,3321.0,,1188.0,left,B,False
participant_064,a,35,experiment,26,9,1,unmodified,y,9b,9a,,656.0,723.0,632.0,806.0,743.0,970.0,876.0,5406.0,,1152.0,right,A,False
participant_064,a,45,experiment,28,10,1,exhaustive,y,10b,10a,10a,529.0,1336.0,381.0,493.0,413.0,716.0,511.0,4379.0,,761.0,right,A,False
participant_064,a,42,experiment,33,11,1,contrastive,n,11a,11b,11b,534.0,472.0,478.0,492.0,608.0,912.0,654.0,4150.0,,2444.0,right,B,False
participant_064,a,27,experiment,35,12,1,unmodified,n,12a,12b,,856.0,1576.0,484.0,537.0,736.0,1548.0,793.0,6530.0,,1374.0,left,A,False
participant_064,a,38,experiment,37,13,1,exhaustive,n,13a,13b,13a,536.0,551.0,595.0,622.0,628.0,886.0,697.0,4515.0,,885.0,left,A,False
participant_064,a,31,experiment,42,14,1,contrastive,y,14b,14a,14b,547.0,801.0,819.0,728.0,509.0,730.0,1096.0,5230.0,,3523.0,left,B,False
participant_064,a,29,experiment,44,15,1,unmodified,y,15b,15a,,413.0,779.0,439.0,553.0,466.0,632.0,730.0,4012.0,,4198.0,right,A,False
participant_064,a,40,experiment,46,16,1,exhaustive,y,16b,16a,16a,575.0,644.0,612.0,748.0,998.0,845.0,447.0,4869.0,,902.0,right,A,False
participant_064,a,34,experiment,51,17,1,contrastive,n,17a,17b,17b,733.0,1533.0,1868.0,804.0,723.0,926.0,2083.0,8670.0,,5233.0,right,B,False
participant_064,a,21,experiment,53,18,1,unmodified,n,18a,18b,,828.0,1064.0,865.0,708.0,646.0,575.0,622.0,5308.0,,2476.0,left,A,False
participant_065,c,33,experiment,3,1,1,contrastive,n,1a,1b,1b,553.0,483.0,439.0,458.0,379.0,410.0,368.0,3090.0,,1023.0,right,B,False
participant_065,c,36,experiment,5,2,1,unmodified,n,2a,2b,,401.0,1064.0,772.0,1122.0,755.0,707.0,395.0,5216.0,,946.0,left,A,False
participant_065,c,34,experiment,7,3,1,exhaustive,n,3a,3b,3a,372.0,721.0,817.0,538.0,533.0,736.0,405.0,4122.0,,1029.0,left,A,False
participant_065,c,47,experiment,12,4,1,contrastive,y,4b,4a,4b,605.0,675.0,535.0,403.0,411.0,363.0,487.0,3479.0,,1327.0,left,B,False
participant_065,c,27,experiment,14,5,1,unmodified,y,5b,5a,,425.0,600.0,445.0,369.0,394.0,476.0,558.0,3267.0,,866.0,right,A,False
participant_065,c,17,experiment,16,6,1,exhaustive,y,6b,6a,6a,468.0,507.0,547.0,649.0,497.0,509.0,551.0,3728.0,,1065.0,right,A,False
participant_065,c,49,experiment,21,7,1,contrastive,n,7a,7b,7b,373.0,403.0,414.0,386.0,399.0,453.0,408.0,2836.0,,757.0,right,B,False
participant_065,c,12,experiment,23,8,1,unmodified,n,8a,8b,,487.0,662.0,533.0,440.0,435.0,396.0,369.0,3322.0,,939.0,left,A,False
participant_065,c,40,experiment,25,9,1,exhaustive,n,9a,9b,9a,459.0,566.0,677.0,462.0,377.0,397.0,319.0,3257.0,,1192.0,left,A,False
participant_065,c,43,experiment,30,10,1,contrastive,y,10b,10a,10b,673.0,487.0,389.0,415.0,376.0,406.0,336.0,3082.0,,510.0,left,B,False
participant_065,c,22,experiment,32,11,1,unmodified,y,11b,11a,,472.0,424.0,399.0,432.0,432.0,453.0,831.0,3443.0,,1101.0,right,A,False
participant_065,c,10,experiment,34,12,1,exhaustive,y,12b,12a,12a,406.0,667.0,444.0,501.0,414.0,785.0,437.0,3654.0,,1155.0,right,A,False
participant_065,c,20,experiment,39,13,1,contrastive,n,13a,13b,13b,493.0,752.0,860.0,539.0,445.0,558.0,532.0,4179.0,,1207.0,right,B,False
participant_065,c,29,experiment,41,14,1,unmodified,n,14a,14b,,476.0,521.0,616.0,698.0,599.0,550.0,476.0,3936.0,,1210.0,left,A,False
participant_065,c,15,experiment,43,15,1,exhaustive,n,15a,15b,15a,580.0,471.0,428.0,603.0,501.0,768.0,566.0,3917.0,,1217.0,left,A,False
participant_065,c,25,experiment,48,16,1,contrastive,y,16b,16a,16b,456.0,505.0,772.0,426.0,408.0,321.0,415.0,3303.0,,1018.0,left,B,False
participant_065,c,24,experiment,50,17,1,unmodified,y,17b,17a,,391.0,632.0,479.0,679.0,483.0,597.0,575.0,3836.0,,1078.0,right,A,False
participant_065,c,38,experiment,52,18,1,exhaustive,y,18b,18a,18a,398.0,518.0,453.0,386.0,380.0,358.0,298.0,2791.0,,1047.0,right,A,False
participant_066,b,34,experiment,2,1,1,unmodified,y,1b,1a,,351.0,446.0,321.0,403.0,352.0,511.0,380.0,2764.0,,615.0,right,A,False
participant_066,b,26,experiment,4,2,1,exhaustive,y,2b,2a,2a,470.0,722.0,497.0,530.0,402.0,383.0,354.0,3358.0,,916.0,right,A,False
participant_066,b,49,experiment,9,3,1,contrastive,n,3a,3b,3b,542.0,585.0,506.0,425.0,378.0,326.0,341.0,3103.0,,810.0,right,B,False
participant_066,b,25,experiment,11,4,1,unmodified,n,4a,4b,,310.0,784.0,427.0,433.0,450.0,534.0,634.0,3572.0,,679.0,left,A,False
participant_066,b,13,experiment,13,5,1,exhaustive,n,5a,5b,5a,408.0,568.0,372.0,339.0,367.0,331.0,319.0,2704.0,,915.0,left,A,False
participant_066,b,15,experiment,18,6,1,contrastive,y,6b,6a,6b,461.0,366.0,362.0,339.0,332.0,379.0,351.0,2590.0,,956.0,left,B,False
participant_066,b,37,experiment,20,7,1,unmodified,y,7b,7a,,357.0,427.0,433.0,334.0,378.0,388.0,433.0,2750.0,,505.0,right,A,False
participant_066,b,17,experiment,22,8,1,exhaustive,y,8b,8a,8a,585.0,628.0,592.0,495.0,379.0,396.0,490.0,3565.0,,1804.0,right,A,False
participant_066,b,12,experiment,27,9,1,contrastive,n,9a,9b,9b,551.0,453.0,343.0,354.0,564.0,365.0,376.0,3006.0,,963.0,right,B,False
participant_066,b,21,experiment,29,10,1,unmodified,n,10a,10b,,367.0,698.0,406.0,409.0,579.0,648.0,374.0,3481.0,,883.0,left,A,False
participant_066,b,39,experiment,31,11,1,exhaustive,n,11a,11b,11a,428.0,396.0,417.0,419.0,405.0,550.0,308.0,2923.0,,734.0,left,A,False
participant_066,b,41,experiment,36,12,1,contrastive,y,12b,12a,12b,375.0,682.0,435.0,450.0,366.0,378.0,383.0,3069.0,,872.0,left,B,False
participant_066,b,14,experiment,38,13,1,unmodified,y,13b,13a,,378.0,419.0,362.0,453.0,384.0,490.0,789.0,3275.0,,888.0,right,A,False
participant_066,b,29,experiment,40,14,1,exhaustive,y,14b,14a,14a,372.0,408.0,400.0,452.0,435.0,550.0,369.0,2986.0,,1045.0,right,A,False
participant_066,b,46,experiment,45,15,1,contrastive,n,15a,15b,15b,617.0,445.0,464.0,421.0,370.0,343.0,306.0,2966.0,,1029.0,right,B,False
participant_066,b,18,experiment,47,16,1,unmodified,n,16a,16b,,409.0,483.0,422.0,717.0,449.0,486.0,448.0,3414.0,,937.0,left,A,False
participant_066,b,23,experiment,49,17,1,exhaustive,n,17a,17b,17a,421.0,445.0,449.0,529.0,489.0,694.0,367.0,3394.0,,787.0,left,A,False
participant_066,b,43,experiment,54,18,1,contrastive,y,18b,18a,18b,454.0,380.0,532.0,348.0,369.0,366.0,410.0,2859.0,,2326.0,left,B,False
participant_067,a,36,experiment,1,1,1,exhaustive,n,1a,1b,1a,520.0,466.0,447.0,418.0,556.0,517.0,687.0,3611.0,,755.0,left,A,False
participant_067,a,50,experiment,6,2,1,contrastive,y,2b,2a,2b,620.0,606.0,456.0,426.0,432.0,1198.0,653.0,4391.0,,1187.0,left,B,False
participant_067,a,18,experiment,8,3,1,unmodified,y,3b,3a,,1247.0,597.0,829.0,631.0,606.0,964.0,906.0,5780.0,,1859.0,right,A,False
participant_067,a,43,experiment,10,4,1,exhaustive,y,4b,4a,4a,542.0,619.0,443.0,488.0,514.0,704.0,869.0,4179.0,,1224.0,right,A,False
participant_067,a,10,experiment,15,5,1,contrastive,n,5a,5b,5b,1228.0,605.0,572.0,611.0,580.0,888.0,824.0,5308.0,,3181.0,right,B,False
participant_067,a,13,experiment,17,6,1,unmodified,n,6a,6b,,2283.0,776.0,703.0,772.0,565.0,772.0,1060.0,6931.0,,4122.0,left,A,False
participant_067,a,49,experiment,19,7,1,exhaustive,n,7a,7b,7a,564.0,490.0,439.0,423.0,400.0,568.0,410.0,3294.0,,965.0,left,A,False
participant_067,a,47,experiment,24,8,1,contrastive,y,8b,8a,8b,543.0,400.0,382.0,460.0,414.0,459.0,430.0,3088.0,,1472.0,left,B,False
participant_067,a,35,experiment,26,9,1,unmodified,y,9b,9a,,611.0,568.0,415.0,384.0,477.0,805.0,473.0,3733.0,,1047.0,right,A,False
participant_067,a,45,experiment,28,10,1,exhaustive,y,10b,10a,10a,381.0,485.0,834.0,636.0,541.0,653.0,973.0,4503.0,,1496.0,right,A,False
participant_067,a,42,experiment,33,11,1,contrastive,n,11a,11b,11b,758.0,356.0,424.0,450.0,477.0,580.0,651.0,3696.0,,1104.0,right,B,False
participant_067,a,27,experiment,35,12,1,unmodified,n,12a,12b,,746.0,795.0,453.0,549.0,548.0,1041.0,729.0,4861.0,,2046.0,left,A,False
participant_067,a,38,experiment,37,13,1,exhaustive,n,13a,13b,13a,633.0,519.0,432.0,528.0,390.0,631.0,664.0,3797.0,,756.0,left,A,False
participant_067,a,31,experiment,42,14,1,contrastive,y,14b,14a,14b,530.0,517.0,610.0,533.0,456.0,1183.0,1791.0,5620.0,,3310.0,left,B,False
participant_067,a,29,experiment,44,15,1,unmodified,y,15b,15a,,672.0,452.0,540.0,573.0,590.0,756.0,1835.0,5418.0,,1478.0,right,A,False
participant_067,a,40,experiment,46,16,1,exhaustive,y,16b,16a,16a,526.0,404.0,386.0,762.0,363.0,689.0,488.0,3618.0,,766.0,right,A,False
participant_067,a,34,experiment,51,17,1,contrastive,n,17a,17b,17b,447.0,498.0,1048.0,547.0,476.0,874.0,1019.0,4909.0,,1094.0,right,B,False
participant_067,a,21,experiment,53,18,1,unmodified,n,18a,18b,,638.0,446.0,696.0,653.0,596.0,691.0,1455.0,5175.0,,4139.0,left,A,False
participant_068,b,34,experiment,2,1,1,unmodified,y,1b,1a,,550.0,337.0,317.0,610.0,336.0,389.0,372.0,2911.0,,991.0,right,A,False
participant_068,b,26,experiment,4,2,1,exhaustive,y,2b,2a,2a,459.0,567.0,381.0,283.0,372.0,626.0,401.0,3089.0,,1026.0,right,A,False
participant_068,b,49,experiment,9,3,1,contrastive,n,3a,3b,3b,585.0,451.0,555.0,463.0,526.0,483.0,334.0,3397.0,,1317.0,right,B,False
participant_068,b,25,experiment,11,4,1,unmodified,n,4a,4b,,394.0,398.0,276.0,419.0,362.0,362.0,789.0,3000.0,,1324.0,left,A,False
participant_068,b,13,experiment,13,5,1,exhaustive,n,5a,5b,5a,438.0,269.0,307.0,325.0,299.0,282.0,370.0,2290.0,,2510.0,left,A,False
participant_068,b,15,experiment,18,6,1,contrastive,y,6b,6a,6b,425.0,358.0,359.0,356.0,377.0,373.0,891.0,3139.0,,1256.0,left,B,False
participant_068,b,37,experiment,20,7,1,unmodified,y,7b,7a,,404.0,323.0,355.0,344.0,416.0,643.0,439.0,2924.0,,1250.0,right,A,False
participant_068,b,17,experiment,22,8,1,exhaustive,y,8b,8a,8a,410.0,396.0,362.0,380.0,353.0,354.0,307.0,2562.0,,1895.0,right,A,False
participant_068,b,12,experiment,27,9,1,contrastive,n,9a,9b,9b,208.0,196.0,202.0,167.0,193.0,308.0,159.0,1433.0,,1603.0,right,B,False
participant_068,b,21,experiment,29,10,1,unmodified,n,10a,10b,,364.0,370.0,412.0,495.0,493.0,779.0,632.0,3545.0,,1779.0,left,A,False
participant_068,b,39,experiment,31,11,1,exhaustive,n,11a,11b,11a,558.0,387.0,366.0,325.0,392.0,471.0,360.0,2859.0,,1974.0,left,A,False
participant_068,b,41,experiment,36,12,1,contrastive,y,12b,12a,12b,856.0,903.0,497.0,727.0,631.0,1201.0,513.0,5328.0,,1216.0,left,B,False
participant_068,b,14,experiment,38,13,1,unmodified,y,13b,13a,,390.0,316.0,482.0,237.0,289.0,446.0,673.0,2833.0,,1242.0,right,A,False
participant_068,b,29,experiment,40,14,1,exhaustive,y,14b,14a,14a,505.0,311.0,302.0,385.0,414.0,469.0,394.0,2780.0,,1644.0,right,A,False
participant_068,b,46,experiment,45,15,1,contrastive,n,15a,15b,15b,525.0,434.0,519.0,418.0,586.0,386.0,372.0,3240.0,,2376.0,right,B,False
participant_068,b,18,experiment,47,16,1,unmodified,n,16a,16b,,642.0,318.0,276.0,267.0,333.0,353.0,499.0,2688.0,,1406.0,left,A,False
participant_068,b,23,experiment,49,17,1,exhaustive,n,17a,17b,17a,509.0,212.0,256.0,249.0,387.0,968.0,429.0,3010.0,,1123.0,left,A,False
participant_068,b,43,experiment,54,18,1,contrastive,y,18b,18a,18b,493.0,417.0,546.0,386.0,397.0,458.0,400.0,3097.0,,943.0,left,B,False
participant_069,b,34,experiment,2,1,1,unmodified,y,1b,1a,,549.0,573.0,340.0,311.0,318.0,392.0,283.0,2766.0,,2671.0,right,A,False
participant_069,b,26,experiment,4,2,1,exhaustive,y,2b,2a,2a,475.0,527.0,336.0,427.0,419.0,412.0,293.0,2889.0,,727.0,right,A,False
participant_069,b,49,experiment,9,3,1,contrastive,n,3a,3b,3b,372.0,260.0,483.0,382.0,376.0,720.0,469.0,3062.0,,722.0,left,A,True
participant_069,b,25,experiment,11,4,1,unmodified,n,4a,4b,,482.0,341.0,1051.0,533.0,676.0,613.0,519.0,4215.0,,1083.0,left,A,False
participant_069,b,13,experiment,13,5,1,exhaustive,n,5a,5b,5a,537.0,762.0,499.0,528.0,458.0,1553.0,1092.0,5429.0,,2260.0,left,A,False
participant_069,b,15,experiment,18,6,1,contrastive,y,6b,6a,6b,1440.0,503.0,577.0,1118.0,538.0,950.0,676.0,5802.0,,1693.0,right,A,True
participant_069,b,37,experiment,20,7,1,unmodified,y,7b,7a,,465.0,381.0,571.0,404.0,420.0,384.0,529.0,3154.0,,821.0,right,A,False
participant_069,b,17,experiment,22,8,1,exhaustive,y,8b,8a,8a,511.0,235.0,573.0,1285.0,956.0,574.0,139.0,4273.0,,1146.0,right,A,False
participant_069,b,12,experiment,27,9,1,contrastive,n,9a,9b,9b,539.0,650.0,779.0,1952.0,486.0,797.0,1823.0,7026.0,,707.0,left,A,True
participant_069,b,21,experiment,29,10,1,unmodified,n,10a,10b,,394.0,352.0,526.0,375.0,610.0,720.0,308.0,3285.0,,906.0,left,A,False
participant_069,b,39,experiment,31,11,1,exhaustive,n,11a,11b,11a,372.0,357.0,302.0,300.0,335.0,378.0,262.0,2306.0,,1191.0,left,A,False
participant_069,b,41,experiment,36,12,1,contrastive,y,12b,12a,12b,965.0,557.0,410.0,502.0,499.0,623.0,430.0,3986.0,,3398.0,right,A,True
participant_069,b,14,experiment,38,13,1,unmodified,y,13b,13a,,529.0,451.0,421.0,481.0,483.0,1057.0,800.0,4222.0,,2823.0,right,A,False
participant_069,b,29,experiment,40,14,1,exhaustive,y,14b,14a,14a,418.0,376.0,442.0,360.0,499.0,1056.0,977.0,4128.0,,1282.0,right,A,False
participant_069,b,46,experiment,45,15,1,contrastive,n,15a,15b,15b,662.0,701.0,306.0,335.0,508.0,337.0,624.0,3473.0,,1078.0,left,A,True
participant_069,b,18,experiment,47,16,1,unmodified,n,16a,16b,,400.0,374.0,514.0,438.0,543.0,814.0,852.0,3935.0,,1251.0,left,A,False
participant_069,b,23,experiment,49,17,1,exhaustive,n,17a,17b,17a,351.0,388.0,371.0,1152.0,498.0,1024.0,945.0,4729.0,,1975.0,left,A,False
participant_069,b,43,experiment,54,18,1,contrastive,y,18b,18a,18b,575.0,388.0,695.0,532.0,452.0,435.0,384.0,3461.0,,1201.0,right,A,True
participant_070,c,33,experiment,3,1,1,contrastive,n,1a,1b,1b,488.0,9.0,324.0,333.0,340.0,822.0,333.0,2649.0,,714.0,left,A,True
participant_070,c,36,experiment,5,2,1,unmodified,n,2a,2b,,419.0,408.0,345.0,354.0,382.0,311.0,329.0,2548.0,,883.0,left,A,False
participant_070,c,34,experiment,7,3,1,exhaustive,n,3a,3b,3a,475.0,415.0,425.0,427.0,443.0,495.0,408.0,3088.0,,1010.0,left,A,False
participant_070,c,47,experiment,12,4,1,contrastive,y,4b,4a,4b,235.0,148.0,138.0,283.0,171.0,337.0,319.0,1631.0,,853.0,right,A,True
participant_070,c,27,experiment,14,5,1,unmodified,y,5b,5a,,391.0,490.0,267.0,236.0,455.0,318.0,425.0,2582.0,,731.0,right,A,False
participant_070,c,17,experiment,16,6,1,exhaustive,y,6b,6a,6a,312.0,288.0,297.0,195.0,249.0,217.0,206.0,1764.0,,578.0,right,A,False
participant_070,c,49,experiment,21,7,1,contrastive,n,7a,7b,7b,394.0,225.0,219.0,174.0,419.0,182.0,276.0,1889.0,,629.0,left,A,True
participant_070,c,12,experiment,23,8,1,unmodified,n,8a,8b,,450.0,277.0,310.0,709.0,358.0,636.0,253.0,2993.0,,760.0,left,A,False
participant_070,c,40,experiment,25,9,1,exhaustive,n,9a,9b,9a,433.0,267.0,263.0,246.0,262.0,255.0,281.0,2007.0,,624.0,left,A,False
participant_070,c,43,experiment,30,10,1,contrastive,y,10b,10a,10b,380.0,243.0,225.0,455.0,283.0,234.0,325.0,2145.0,,687.0,right,A,True
participant_070,c,22,experiment,32,11,1,unmodified,y,11b,11a,,384.0,317.0,10.0,601.0,325.0,565.0,579.0,2781.0,,684.0,right,A,False
participant_070,c,10,experiment,34,12,1,exhaustive,y,12b,12a,12a,261.0,280.0,321.0,223.0,300.0,233.0,314.0,1932.0,,1103.0,right,A,False
participant_070,c,20,experiment,39,13,1,contrastive,n,13a,13b,13b,25.0,970.0,482.0,396.0,669.0,554.0,362.0,3458.0,,272.0,left,A,True
participant_070,c,29,experiment,41,14,1,unmodified,n,14a,14b,,447.0,397.0,388.0,1.0,602.0,1465.0,491.0,3791.0,,1047.0,left,A,False
participant_070,c,15,experiment,43,15,1,exhaustive,n,15a,15b,15a,354.0,362.0,319.0,226.0,241.0,337.0,201.0,2040.0,,735.0,left,A,False
participant_070,c,25,experiment,48,16,1,contrastive,y,16b,16a,16b,173.0,347.0,199.0,439.0,564.0,692.0,273.0,2687.0,,880.0,right,A,True
participant_070,c,24,experiment,50,17,1,unmodified,y,17b,17a,,558.0,342.0,415.0,393.0,691.0,1286.0,443.0,4128.0,,679.0,right,A,False
participant_070,c,38,experiment,52,18,1,exhaustive,y,18b,18a,18a,665.0,1042.0,2176.0,481.0,498.0,334.0,340.0,5536.0,,697.0,right,A,False
participant_071,c,33,experiment,3,1,1,contrastive,n,1a,1b,1b,487.0,436.0,418.0,463.0,298.0,312.0,278.0,2692.0,,588.0,right,B,False
participant_071,c,36,experiment,5,2,1,unmodified,n,2a,2b,,732.0,640.0,657.0,607.0,501.0,619.0,480.0,4236.0,,603.0,left,A,False
participant_071,c,34,experiment,7,3,1,exhaustive,n,3a,3b,3a,493.0,534.0,557.0,838.0,602.0,659.0,450.0,4133.0,,589.0,left,A,False
participant_071,c,47,experiment,12,4,1,contrastive,y,4b,4a,4b,526.0,514.0,678.0,606.0,521.0,468.0,396.0,3709.0,,452.0,left,B,False
participant_071,c,27,experiment,14,5,1,unmodified,y,5b,5a,,529.0,394.0,469.0,409.0,459.0,540.0,444.0,3244.0,,570.0,right,A,False
participant_071,c,17,experiment,16,6,1,exhaustive,y,6b,6a,6a,436.0,465.0,407.0,445.0,407.0,753.0,383.0,3296.0,,533.0,right,A,False
participant_071,c,49,experiment,21,7,1,contrastive,n,7a,7b,7b,544.0,467.0,440.0,462.0,361.0,463.0,406.0,3143.0,,478.0,right,B,False
participant_071,c,12,experiment,23,8,1,unmodified,n,8a,8b,,413.0,697.0,650.0,674.0,522.0,619.0,866.0,4441.0,,688.0,left,A,False
participant_071,c,40,experiment,25,9,1,exhaustive,n,9a,9b,9a,529.0,493.0,506.0,582.0,394.0,562.0,478.0,3544.0,,566.0,left,A,False
participant_071,c,43,experiment,30,10,1,contrastive,y,10b,10a,10b,487.0,526.0,396.0,483.0,424.0,680.0,364.0,3360.0,,508.0,left,B,False
participant_071,c,22,experiment,32,11,1,unmodified,y,11b,11a,,556.0,450.0,594.0,534.0,560.0,531.0,640.0,3865.0,,1003.0,right,A,False
participant_071,c,10,experiment,34,12,1,exhaustive,y,12b,12a,12a,742.0,1170.0,896.0,677.0,669.0,939.0,785.0,5878.0,,1126.0,right,A,False
participant_071,c,20,experiment,39,13,1,contrastive,n,13a,13b,13b,589.0,504.0,456.0,452.0,520.0,577.0,542.0,3640.0,,740.0,right,B,False
participant_071,c,29,experiment,41,14,1,unmodified,n,14a,14b,,422.0,428.0,378.0,406.0,471.0,491.0,474.0,3070.0,,978.0,left,A,False
participant_071,c,15,experiment,43,15,1,exhaustive,n,15a,15b,15a,605.0,440.0,562.0,614.0,481.0,523.0,716.0,3941.0,,573.0,left,A,False
participant_071,c,25,experiment,48,16,1,contrastive,y,16b,16a,16b,466.0,422.0,404.0,441.0,474.0,349.0,376.0,2932.0,,768.0,left,B,False
participant_071,c,24,experiment,50,17,1,unmodified,y,17b,17a,,469.0,468.0,432.0,480.0,569.0,524.0,588.0,3530.0,,536.0,left,B,False
participant_071,c,38,experiment,52,18,1,exhaustive,y,18b,18a,18a,423.0,447.0,443.0,435.0,457.0,395.0,502.0,3102.0,,642.0,right,A,False
participant_072,a,36,experiment,1,1,1,exhaustive,n,1a,1b,1a,473.0,437.0,364.0,318.0,354.0,362.0,365.0,2673.0,,481.0,left,A,False
participant_072,a,50,experiment,6,2,1,contrastive,y,2b,2a,2b,498.0,448.0,356.0,379.0,367.0,382.0,385.0,2815.0,,875.0,right,A,True
participant_072,a,18,experiment,8,3,1,unmodified,y,3b,3a,,1051.0,587.0,540.0,713.0,424.0,612.0,490.0,4417.0,,554.0,right,A,False
participant_072,a,43,experiment,10,4,1,exhaustive,y,4b,4a,4a,388.0,429.0,359.0,409.0,410.0,396.0,405.0,2796.0,,543.0,right,A,False
participant_072,a,10,experiment,15,5,1,contrastive,n,5a,5b,5b,1002.0,1040.0,984.0,835.0,774.0,778.0,1283.0,6696.0,,1166.0,right,B,False
participant_072,a,13,experiment,17,6,1,unmodified,n,6a,6b,,680.0,504.0,538.0,759.0,511.0,765.0,427.0,4184.0,,430.0,left,A,False
participant_072,a,49,experiment,19,7,1,exhaustive,n,7a,7b,7a,600.0,383.0,321.0,305.0,294.0,275.0,315.0,2493.0,,990.0,left,A,False
participant_072,a,47,experiment,24,8,1,contrastive,y,8b,8a,8b,478.0,363.0,394.0,368.0,407.0,411.0,429.0,2850.0,,1005.0,right,A,True
participant_072,a,35,experiment,26,9,1,unmodified,y,9b,9a,,396.0,392.0,281.0,358.0,331.0,344.0,388.0,2490.0,,753.0,right,A,False
participant_072,a,45,experiment,28,10,1,exhaustive,y,10b,10a,10a,459.0,431.0,376.0,404.0,378.0,402.0,386.0,2836.0,,1522.0,right,A,False
participant_072,a,42,experiment,33,11,1,contrastive,n,11a,11b,11b,391.0,277.0,448.0,368.0,342.0,387.0,381.0,2594.0,,1755.0,right,B,False
participant_072,a,27,experiment,35,12,1,unmodified,n,12a,12b,,372.0,555.0,356.0,360.0,523.0,576.0,356.0,3098.0,,418.0,left,A,False
participant_072,a,38,experiment,37,13,1,exhaustive,n,13a,13b,13a,387.0,284.0,316.0,306.0,348.0,354.0,343.0,2338.0,,423.0,left,A,False
participant_072,a,31,experiment,42,14,1,contrastive,y,14b,14a,14b,569.0,421.0,1431.0,446.0,368.0,568.0,2080.0,5883.0,,2088.0,left,B,False
participant_072,a,29,experiment,44,15,1,unmodified,y,15b,15a,,460.0,406.0,600.0,941.0,416.0,416.0,470.0,3709.0,,603.0,right,A,False
participant_072,a,40,experiment,46,16,1,exhaustive,y,16b,16a,16a,322.0,326.0,574.0,403.0,387.0,361.0,394.0,2767.0,,465.0,right,A,False
participant_072,a,34,experiment,51,17,1,contrastive,n,17a,17b,17b,399.0,659.0,325.0,536.0,371.0,402.0,425.0,3117.0,,2626.0,right,B,False
participant_072,a,21,experiment,53,18,1,unmodified,n,18a,18b,,405.0,540.0,357.0,416.0,437.0,499.0,510.0,3164.0,,462.0,left,A,False